Date,Log_Return_Clean
2015-01-02,-0.0031780278055717147
2015-01-05,-0.0032036801949827786
2015-01-06,0.0015747428021818395
2015-01-07,0.004973310649122448
2015-01-08,0.007897071422989812
2015-01-09,0.0052719998397769505
2015-01-12,-0.0009927627643565122
2015-01-13,-0.004620520024625777
2015-01-14,-0.006893474492167458
2015-01-15,-0.00585745898662892
2015-01-16,0.00029011161574252426
2015-01-20,0.006175154584669495
2015-01-21,0.00950008779197009
2015-01-22,0.009408208217401275
2015-01-23,0.007823327416223845
2015-01-26,0.006766478803199267
2015-01-27,0.004370360624878172
2015-01-28,0.014594007634442765
2015-01-29,0.012649263120737319
2015-01-30,0.009545966967134296
2015-02-02,0.009053585036002633
2015-02-03,0.004246494875103169
2015-02-04,0.0032691499006304195
2015-02-05,0.00444229759580307
2015-02-06,0.005253019386791026
2015-02-09,0.008685921117076808
2015-02-10,0.011607466527064545
2015-02-11,0.012995621642312733
2015-02-12,0.01236590036527287
2015-02-13,0.009504797452798322
2015-02-17,0.006954966595916552
2015-02-18,0.006525721171062527
2015-02-19,0.006285923664907395
2015-02-20,0.005475320195320438
2015-02-23,0.004738778691601388
2015-02-24,9.004239851182318e-05
2015-02-25,-0.003036734606928184
2015-02-26,-0.002925974268945402
2015-02-27,-0.004275912104646758
2015-03-02,-0.0031106233229937384
2015-03-03,-0.0028542356583722067
2015-03-04,-0.004212133082160551
2015-03-05,-0.0052955412212068575
2015-03-06,-0.006386619680250909
2015-03-09,-0.006239849121902822
2015-03-10,-0.0069278979071071035
2015-03-11,-0.0047165378834603585
2015-03-12,-0.0002127959169772256
2015-03-13,0.002844686897502988
2015-03-16,0.006561313317048721
2015-03-17,0.00681425487533684
2015-03-18,0.004490612163691126
2015-03-19,0.0016316567412241
2015-03-20,-0.0023679598584895444
2015-03-23,-0.003670923493366688
2015-03-24,-0.005731027596193414
2015-03-25,-0.005017068718363164
2015-03-26,-0.0024344970801801064
2015-03-27,-0.0015999085845689754
2015-03-30,0.0014175945366485315
2015-03-31,0.002058449403765169
2015-04-01,0.002317445863362994
2015-04-02,0.0029878193348836816
2015-04-06,0.002562196197007463
2015-04-07,0.001956583615349194
2015-04-08,0.0015832103062618065
2015-04-09,0.0012551611260527065
2015-04-10,0.0007483554595438939
2015-04-13,0.00041215602446092515
2015-04-14,-0.001046432417290844
2015-04-15,-0.0007537647538478939
2015-04-16,-0.0007982592058679442
2015-04-17,0.0008627501090172375
2015-04-20,0.0043236485446575944
2015-04-21,0.004982715549775538
2015-04-22,0.007683405822534477
2015-04-23,0.007417071948049465
2015-04-24,0.004501071868134253
2015-04-27,0.0006911590358215634
2015-04-28,-0.0038416739179512943
2015-04-29,-0.005674149490125926
2015-04-30,-0.006570985765730458
2015-05-01,-0.00413011618811195
2015-05-04,-0.003916086113610194
2015-05-05,-0.0032854248667488067
2015-05-06,-0.001371827881650075
2015-05-07,-0.0006128430532017124
2015-05-08,0.0013143198129927005
2015-05-11,0.002228423158397232
2015-05-12,0.0029106920321004884
2015-05-13,0.004330733815616251
2015-05-14,0.005939613530341045
2015-05-15,0.005827353324784236
2015-05-18,0.0058856540463680575
2015-05-19,0.004894640470910524
2015-05-20,0.002696050348198245
2015-05-21,0.0031046662901965238
2015-05-22,0.0020310152574170327
2015-05-26,-0.00016193704768385902
2015-05-27,0.0004966995996152941
2015-05-28,-0.0014400001320407068
2015-05-29,-0.0024175578069632695
2015-06-01,-0.0017855760159752815
2015-06-02,-0.003139127462486538
2015-06-03,-0.003194245726229882
2015-06-04,-0.0037124535389120193
2015-06-05,-0.003501887757933338
2015-06-08,-0.0026195327173053444
2015-06-09,-0.0018808897041767503
2015-06-10,-0.0008160788311167629
2015-06-11,-0.0012075802949628193
2015-06-12,-0.001808568148455551
2015-06-15,-0.0011517382992160697
2015-06-16,-0.0010637916260916632
2015-06-17,-0.0004350546010153692
2015-06-18,6.238676130619359e-05
2015-06-19,-0.0001732626840802439
2015-06-22,0.0004272239552283062
2015-06-23,-3.036590884063022e-07
2015-06-24,-0.0011098841313301067
2015-06-25,-0.0025435415075438193
2015-06-26,-0.0034289812779813135
2015-06-29,-0.003159378586013664
2015-06-30,-0.001183620196021444
2015-07-01,0.00026714127443460035
2015-07-02,-0.001312040892297025
2015-07-06,-0.0043898324686237
2015-07-07,-0.0064873016421126825
2015-07-08,-0.006631653594826895
2015-07-09,-0.0030785309329554884
2015-07-10,0.003570654659237869
2015-07-13,0.007531439172197926
2015-07-14,0.009485585956041907
2015-07-15,0.01108876413045814
2015-07-16,0.00957781478358992
2015-07-17,0.005360130994974845
2015-07-20,0.0012325085399711318
2015-07-21,-0.005591044684696757
2015-07-22,-0.011434366002430202
2015-07-23,-0.010738657558253071
2015-07-24,-0.009643363820954596
2015-07-27,-0.007032740157190945
2015-07-28,-0.0038497113110484192
2015-07-29,-0.0054784246027512135
2015-07-30,-0.00877943401602817
2015-07-31,-0.011366211519865808
2015-08-03,-0.01359387395117617
2015-08-04,-0.01231789796423887
2015-08-05,-0.004931602215400732
2015-08-06,-0.002027134381354676
2015-08-07,0.0010130826117312314
2015-08-10,0.003852235943227997
2015-08-11,-0.004657793876412209
2015-08-12,-0.0001461015906515429
2015-08-13,0.00047386858334920066
2015-08-14,0.0005983430501830572
2015-08-17,0.0007827532246893882
2015-08-18,-0.007604375359831876
2015-08-19,-0.015908893531261084
2015-08-20,-0.022278582164355173
2015-08-21,-0.024260430013122513
2015-08-24,-0.013768235704758477
2015-08-25,0.003990463463182265
2015-08-26,0.015647076330211278
2015-08-27,0.014050998712339504
2015-08-28,0.009634960160096372
2015-08-31,0.002124322406349295
2015-09-01,-0.006455498349588178
2015-09-02,9.304730843529712e-05
2015-09-03,-0.0022194467901420502
2015-09-04,0.0006461571069664817
2015-09-08,0.005374702992009915
2015-09-09,0.004414238788644153
2015-09-10,0.009029521970913447
2015-09-11,0.009892377009854573
2015-09-14,0.00696994512220407
2015-09-15,0.0043060448781707256
2015-09-16,0.0003434038616976188
2015-09-17,-0.0033903141298345383
2015-09-18,-0.0030123568508642817
2015-09-21,-0.0011478621978605003
2015-09-22,-0.0008419361591121124
2015-09-23,0.00026399495633546257
2015-09-24,-0.0028990345738111253
2015-09-25,-0.006355191486487514
2015-09-28,-0.008942855737560877
2015-09-29,-0.00956715818505935
2015-09-30,-0.005645195469879157
2015-10-01,-0.0024674771559632814
2015-10-02,0.0010727577431024378
2015-10-05,0.0017281339718755566
2015-10-06,0.0015016063639138315
2015-10-07,0.0010945299736162817
2015-10-08,0.0009810550682243192
2015-10-09,0.0018852964843674006
2015-10-12,0.0009887104177803566
2015-10-13,0.0005116875537137062
2015-10-14,-8.912005047894405e-05
2015-10-15,0.0014938575348343312
2015-10-16,0.0026916481120470275
2015-10-19,0.005467281627624849
2015-10-20,0.00948274268218667
2015-10-21,0.00831988170411038
2015-10-22,0.007699721378769014
2015-10-23,0.007245955502732248
2015-10-26,0.004020493234518701
2015-10-27,0.00544346660147795
2015-10-28,0.00852754522966924
2015-10-29,0.00822585368569962
2015-10-30,0.008227070236831058
2015-11-02,0.00698528891767434
2015-11-03,0.0036737324324274956
2015-11-04,0.0012066869939486946
2015-11-05,-0.0020224365144652754
2015-11-06,-0.0055646387922842575
2015-11-09,-0.008589223729951783
2015-11-10,-0.012246726494530054
2015-11-11,-0.011177136177567035
2015-11-12,-0.00995661056915097
2015-11-13,-0.006294820088439476
2015-11-16,0.0016078913098835704
2015-11-17,0.0057513529727856085
2015-11-18,0.009260778547919872
2015-11-19,0.009260083747608358
2015-11-20,0.005380252799433126
2015-11-23,0.0018531544374794503
2015-11-24,-4.859912439888164e-05
2015-11-25,-0.0017050830407181567
2015-11-27,-0.002242794219404538
2015-11-30,-0.002857490921443326
2015-12-01,-0.0027642765807197505
2015-12-02,-0.0014506311094901376
2015-12-03,0.0005223749157494067
2015-12-04,0.002150054231694545
2015-12-07,0.00024553442068526294
2015-12-08,-0.0030079008713611633
2015-12-09,-0.0071632981337363955
2015-12-10,-0.010227270897710434
2015-12-11,-0.011361356080611253
2015-12-14,-0.01097007395878526
2015-12-15,-0.011544923010027686
2015-12-16,-0.010521948476064552
2015-12-17,-0.010218604096927101
2015-12-18,-0.008067734770468876
2015-12-21,-0.0032089765941403312
2015-12-22,-0.0016931683256585688
2015-12-23,0.0015316129427028885
2015-12-24,0.000997400918235251
2015-12-28,-0.0017939762626797689
2015-12-29,-0.002362301293337256
2015-12-30,-0.006801941794369427
2015-12-31,-0.010034487331053771
2016-01-04,-0.01387405749237522
2016-01-05,-0.018194860224764742
2016-01-06,-0.017225969179630075
2016-01-07,-0.013707614807075556
2016-01-08,-0.007638404927909853
2016-01-11,-0.0008227996349245187
2016-01-12,0.0008795192950696064
2016-01-13,-0.0007576703070567255
2016-01-14,-0.0017500864512808698
2016-01-15,-0.005434477139888933
2016-01-19,-0.001838783874452426
2016-01-20,0.0020315667018068685
2016-01-21,0.004450713640507301
2016-01-22,0.004608681839200945
2016-01-25,-0.0027812258197768953
2016-01-26,-0.00588745303413399
2016-01-27,-0.010186156430766403
2016-01-28,-0.007583321856504809
2016-01-29,-0.001411198793060358
2016-02-01,-0.00021589362762664574
2016-02-02,0.0008062520391650114
2016-02-03,0.0007889188637184678
2016-02-04,-0.0012448089452642133
2016-02-05,-0.002632060426153819
2016-02-08,-0.0016014901721837999
2016-02-09,-0.0029639396874448255
2016-02-10,-0.001337363362989494
2016-02-11,0.002690394815004457
2016-02-12,0.004588146057541264
2016-02-16,0.006611314692225839
2016-02-17,0.00569000680453724
2016-02-18,0.0009643118166021192
2016-02-19,-0.0008243209908453689
2016-02-22,-0.0017060677921741942
2016-02-23,-0.0018417064848319255
2016-02-24,0.001688565960300144
2016-02-25,0.004609195411870888
2016-02-26,0.006667924884183376
2016-02-29,0.009540791801126384
2016-03-01,0.012191688408002329
2016-03-02,0.010202611487265135
2016-03-03,0.007850508595414446
2016-03-04,0.004723848196070307
2016-03-07,-0.0003598877516214808
2016-03-08,-0.000948666025913856
2016-03-09,-0.00020707351581535611
2016-03-10,0.002130122701368788
2016-03-11,0.006153720799882483
2016-03-14,0.008041897541980314
2016-03-15,0.009166021914194983
2016-03-16,0.007853073350567607
2016-03-17,0.005396755185430136
2016-03-18,0.0034644100274486512
2016-03-21,0.00127756981232638
2016-03-22,6.140565463433797e-05
2016-03-23,0.00018031127110072127
2016-03-24,0.001973646835481442
2016-03-28,0.004054790562033701
2016-03-29,0.007269939093514645
2016-03-30,0.008675666268198077
2016-03-31,0.006830131597373357
2016-04-01,0.006016284476539438
2016-04-04,0.0023980827084222373
2016-04-05,-0.0009665238017499694
2016-04-06,-0.0015602523892158634
2016-04-07,-0.0029734483049267514
2016-04-08,-0.0001604915588223003
2016-04-11,0.0031866669305172443
2016-04-12,0.004111984318631419
2016-04-13,0.002707596953726126
2016-04-14,-0.0022052442938705562
2016-04-15,-0.006987485481043608
2016-04-18,-0.009708993818313964
2016-04-19,-0.009066584396986713
2016-04-20,-0.007216420014117871
2016-04-21,-0.006025420471856646
2016-04-22,-0.008779628708295215
2016-04-25,-0.01449465085130666
2016-04-26,-0.020552844010259218
2016-04-27,-0.025677906322105953
2016-04-28,-0.022386159439326217
2016-04-29,-0.01603882679770666
2016-05-02,-0.008856412554495102
2016-05-03,-0.0023257874996995822
2016-05-04,-0.0018259249787447754
2016-05-05,-0.0015363142935494252
2016-05-06,-0.002072679275595719
2016-05-09,-0.0034602350216853695
2016-05-10,-0.0037981645113927135
2016-05-11,-0.0033575279511372257
2016-05-12,-0.0022076470222604635
2016-05-13,0.0022709963840005813
2016-05-16,0.006309577598371538
2016-05-17,0.006888368955201514
2016-05-18,0.00816491456769811
2016-05-19,0.0074810503302692516
2016-05-20,0.00848689695193939
2016-05-23,0.010918117527148972
2016-05-24,0.011473369488947765
2016-05-25,0.010542755820192939
2016-05-26,0.006314291620102958
2016-05-27,0.0013000666699452637
2016-05-31,-0.0027224583093488374
2016-06-01,-0.004735985746028681
2016-06-02,-0.0036431739248360628
2016-06-03,-0.0011704882229761186
2016-06-06,0.0014562186577713194
2016-06-07,0.002357460918275882
2016-06-08,0.0009208966038754942
2016-06-09,-0.0007965339210213312
2016-06-10,-0.0034855861175834887
2016-06-13,-0.004426970338985857
2016-06-14,-0.004655267747820045
2016-06-15,-0.005245352215918226
2016-06-16,-0.0044473492299351505
2016-06-17,-0.004927303256332732
2016-06-20,-0.003120397666191732
2016-06-21,-0.0027157126996380262
2016-06-22,-0.004493441225665939
2016-06-23,-0.004494104827480614
2016-06-24,-0.006112459115788539
2016-06-27,-0.0035300067545396886
2016-06-28,0.0016053239967511064
2016-06-29,0.003828707258948795
2016-06-30,0.00568795171823004
2016-07-01,0.004454753589300651
2016-07-05,0.0024064015927333067
2016-07-06,0.0027742125261989697
2016-07-07,0.00325494945018297
2016-07-08,0.0036360037432325264
2016-07-11,0.004472543440233933
2016-07-12,0.004326133624089508
2016-07-13,0.004629027505762564
2016-07-14,0.0059322945565934634
2016-07-15,0.005318804734266232
2016-07-18,0.0045793226357929515
2016-07-19,0.0023151811143784446
2016-07-20,-0.0011947294707531876
2016-07-21,-0.004022281160276826
2016-07-22,-0.002257859481221656
2016-07-25,0.001977381348420657
2016-07-26,0.007843468285877966
2016-07-27,0.01572315445597335
2016-07-28,0.014470843722673498
2016-07-29,0.011834982769494823
2016-08-01,0.008898002868997033
2016-08-02,0.004284797819181927
2016-08-03,0.005985133258226277
2016-08-04,0.007219424197397484
2016-08-05,0.007138966555368472
2016-08-08,0.006225315715405102
2016-08-09,0.0034932848430758636
2016-08-10,0.0017800843502025758
2016-08-11,0.0013286708988107317
2016-08-12,0.0018101252592890383
2016-08-15,0.002437583664204276
2016-08-16,0.0019853545900768194
2016-08-17,0.000692742700751019
2016-08-18,-0.0002619308975448937
2016-08-19,-0.0013842690458162692
2016-08-22,-0.002347155338647307
2016-08-23,-0.0027589812044360195
2016-08-24,-0.003723530356146557
2016-08-25,-0.004304589914897383
2016-08-26,-0.0041331306158080006
2016-08-29,-0.0033450709230769694
2016-08-30,-0.0016382375943248693
2016-08-31,0.00054176898551425
2016-09-01,0.0027190724243756443
2016-09-02,0.0021292903368364817
2016-09-06,-0.0011282645741704693
2016-09-07,-0.003448151874240908
2016-09-08,-0.0050023871334171095
2016-09-09,-0.0006933321065838586
2016-09-12,0.009151902445352777
2016-09-13,0.015858290760376828
2016-09-14,0.019272660888708
2016-09-15,0.01667475554178395
2016-09-16,0.008454813304371925
2016-09-19,0.002910514076445376
2016-09-20,-0.0007475106537230159
2016-09-21,-0.002126918328376206
2016-09-22,-0.0012785834253270898
2016-09-23,-0.0014815827690116232
2016-09-26,-0.001295598816778863
2016-09-27,-0.0008206467465021068
2016-09-28,-0.0008827218664951943
2016-09-29,-0.0010395709021250507
2016-09-30,-0.0002621307448811817
2016-10-03,0.00010647547568049979
2016-10-04,0.0012718916365732627
2016-10-05,0.0034597098354886323
2016-10-06,0.004748285985161908
2016-10-07,0.00615076924586257
2016-10-10,0.006881053279796689
2016-10-11,0.006061656521306676
2016-10-12,0.0049584023552732
2016-10-13,0.0031624687776159567
2016-10-14,0.0016573186447546564
2016-10-17,0.0005085451028532688
2016-10-18,-0.0006667672337556564
2016-10-19,-0.0006403028370917189
2016-10-20,-0.00011492319047503751
2016-10-21,-0.000601154045808525
2016-10-24,-0.0012408372689971501
2016-10-25,-0.0034599350578718947
2016-10-26,-0.006600428151400226
2016-10-27,-0.008067753200476407
2016-10-28,-0.00851898109634007
2016-10-31,-0.008250854048562663
2016-11-01,-0.008032691859303331
2016-11-02,-0.006063856205704757
2016-11-03,-0.004443275376160045
2016-11-04,-0.0019933135317738134
2016-11-07,-0.0002769775234977946
2016-11-08,-0.0011196643842502074
2016-11-09,-0.00422789092583967
2016-11-10,-0.006984588369895227
2016-11-11,-0.005115951083112082
2016-11-14,-0.0031148888334977124
2016-11-15,0.0024911834655818397
2016-11-16,0.007292517422765779
2016-11-17,0.00704989031596054
2016-11-18,0.0069032194810807156
2016-11-21,0.005357628404120032
2016-11-22,0.002628731775498944
2016-11-23,0.0014182176776808566
2016-11-25,0.0002946050512253124
2016-11-28,-0.0019794721950789126
2016-11-29,-0.002832455630763682
2016-11-30,-0.003973891982057401
2016-12-01,-0.0038968395137308504
2016-12-02,-0.0017245983574018442
2016-12-05,0.00046790381654540023
2016-12-06,0.0045123796564885575
2016-12-07,0.006711385050717959
2016-12-08,0.008137342451377684
2016-12-09,0.008575715440189632
2016-12-12,0.006880418029694583
2016-12-13,0.006460334466876801
2016-12-14,0.0049432738567102815
2016-12-15,0.004202678942546095
2016-12-16,0.003850894845884801
2016-12-19,0.0025673786246609128
2016-12-20,0.0017211848620641876
2016-12-21,0.0009389299706011749
2016-12-22,0.0001129612307295434
2016-12-23,0.00017675871240081228
2016-12-27,-0.00013547857207539413
2016-12-28,-0.0008953929389824192
2016-12-29,-0.0011324010615957941
2016-12-30,-0.0014327190402460004
2017-01-03,6.16422415718311e-05
2017-01-04,0.002165921371161582
2017-01-05,0.004206129066294013
2017-01-06,0.005931122905862963
2017-01-09,0.005519625327619638
2017-01-10,0.004036050539400851
2017-01-11,0.002858500604558038
2017-01-12,0.001322914003371328
2017-01-13,0.0008938070956969243
2017-01-17,0.001369566425710852
2017-01-18,0.0009459667373163737
2017-01-19,0.0008104215850682273
2017-01-20,0.0016195238314709497
2017-01-23,0.0021198589361719226
2017-01-24,0.0030439990535353397
2017-01-25,0.003913283367919091
2017-01-26,0.002554626873788129
2017-01-27,0.004948746257500643
2017-01-30,0.007267369772258368
2017-01-31,0.010124055990693409
2017-02-01,0.014839185980012916
2017-02-02,0.012777874911946773
2017-02-03,0.011177365789519009
2017-02-06,0.00932886087071211
2017-02-07,0.006028240232313327
2017-02-08,0.005794241075388489
2017-02-09,0.005775571297372052
2017-02-10,0.005350179205246207
2017-02-13,0.005717667950870977
2017-02-14,0.005745674865168601
2017-02-15,0.004853297503154939
2017-02-16,0.004145311451810419
2017-02-17,0.003178183405662757
2017-02-21,0.0024804257736771073
2017-02-22,0.0018126202952535005
2017-02-23,0.001024207318714969
2017-02-24,0.001956556313806144
2017-02-27,0.002568254334314013
2017-02-28,0.00375067754605677
2017-03-01,0.0048684934932463515
2017-03-02,0.0032728206085307953
2017-03-03,0.002247748579853488
2017-03-06,0.00046646833397757524
2017-03-07,-0.0006863640480986815
2017-03-08,-0.0007090286110450626
2017-03-09,-0.0007315721747971439
2017-03-10,0.0005593230388308063
2017-03-13,0.001341480231208625
2017-03-14,0.0018386837574354941
2017-03-15,0.0029441324712740752
2017-03-16,0.0018705537145587436
2017-03-17,0.0015016162572946189
2017-03-20,0.0015617285335641628
2017-03-21,9.743899128213113e-05
2017-03-22,0.0008370014011394376
2017-03-23,0.0015566245940228252
2017-03-24,0.002546165353849032
2017-03-27,0.004354760959059607
2017-03-28,0.005112960666248533
2017-03-29,0.00402641143911827
2017-03-30,0.0029043463671814453
2017-03-31,0.0014981787175124945
2017-04-03,0.00027688800126295646
2017-04-04,0.0001635699717355627
2017-04-05,-0.0008123142916662624
2017-04-06,-0.0018972532858983066
2017-04-07,-0.002711735747257701
2017-04-10,-0.00356152963338962
2017-04-11,-0.0034546620640011766
2017-04-12,-0.0025988548424265637
2017-04-13,-0.002279999217786045
2017-04-17,-0.0006605242219865942
2017-04-18,0.00012082049863169377
2017-04-19,0.0013816591632970815
2017-04-20,0.003564745945595282
2017-04-21,0.003493630264901607
2017-04-24,0.003964185197884719
2017-04-25,0.0028977764515193067
2017-04-26,0.002090601098737507
2017-04-27,0.0031930086953296946
2017-04-28,0.003934265059883238
2017-05-01,0.005170556003816239
2017-05-02,0.00529691837758877
2017-05-03,0.0059407154156712145
2017-05-04,0.007413225971116939
2017-05-05,0.008979161268026566
2017-05-08,0.01028933057957411
2017-05-09,0.009508397176550047
2017-05-10,0.007578119849922732
2017-05-11,0.005923774013125344
2017-05-12,0.002086514449812338
2017-05-15,-0.0008624263799096817
2017-05-16,-0.0028788864060116264
2017-05-17,-0.004628950090800846
2017-05-18,-0.0016489844038494823
2017-05-19,0.00011983108266129966
2017-05-22,0.0015185227724308062
2017-05-23,0.001961907832984219
2017-05-24,0.0004495343662504938
2017-05-25,-0.0001142377365202751
2017-05-26,-0.000725045572215369
2017-05-30,0.00017359037398808106
2017-05-31,0.00033209891491778115
2017-06-01,0.0012566068602141
2017-06-02,0.0024247648612327503
2017-06-05,0.0014953580273834128
2017-06-06,-0.0006531894631673381
2017-06-07,-0.005106141196994089
2017-06-08,-0.009629003823793534
2017-06-09,-0.013539088628546338
2017-06-12,-0.013495353341915005
2017-06-13,-0.011098744525166637
2017-06-14,-0.007569804184075146
2017-06-15,-0.0035390892159050877
2017-06-16,-0.0008592699825832247
2017-06-19,0.0019682938310605267
2017-06-20,0.002049347940613752
2017-06-21,0.0024620144924685262
2017-06-22,0.0008576283271996507
2017-06-23,-0.0005154719434973251
2017-06-26,-0.001610720267098376
2017-06-27,-0.002735101064554901
2017-06-28,-0.0019114725151749756
2017-06-29,-0.002747454812563245
2017-06-30,-0.0020412016861377506
2017-07-03,-0.0011955267596381628
2017-07-05,-0.00041964573727434987
2017-07-06,0.0009520711131986816
2017-07-07,0.002671039049999245
2017-07-10,0.0041388047758597075
2017-07-11,0.005154717154480152
2017-07-12,0.006240399834204452
2017-07-13,0.00677007304932042
2017-07-14,0.006592623067923182
2017-07-17,0.005443718514933339
2017-07-18,0.004032508228280801
2017-07-19,0.0030299825971054012
2017-07-20,0.0023780651735823824
2017-07-21,0.0031190696332769824
2017-07-24,0.0029435856537312326
2017-07-25,0.0010386018861330193
2017-07-26,-0.0013319625436866687
2017-07-27,-0.00402023503953187
2017-07-28,-0.0014672614407940563
2017-07-31,0.0020936998212045697
2017-08-01,0.006895245510076309
2017-08-02,0.011845939771228005
2017-08-03,0.010330991904912122
2017-08-04,0.010011053334791926
2017-08-07,0.006688158296773163
2017-08-08,0.002861273548499607
2017-08-09,0.001857830158225994
2017-08-10,0.00014448360272568766
2017-08-11,0.002553993864075726
2017-08-14,0.0029853076856986823
2017-08-15,0.001904595871802219
2017-08-16,-0.0002709380530798004
2017-08-17,-0.0029523253299274573
2017-08-18,-0.002269227485148507
2017-08-21,-0.0006451340907911436
2017-08-22,0.0021209463088550946
2017-08-23,0.003234521939282445
2017-08-24,0.003535098052229076
2017-08-25,0.004417522574006258
2017-08-28,0.004970790501730208
2017-08-29,0.005303978547100926
2017-08-30,0.0038504062841192635
2017-08-31,0.0017161222447178877
2017-09-01,-0.0009349066340908379
2017-09-05,-0.004025462961017283
2017-09-06,-0.0039302642212041515
2017-09-07,-0.0037835343470639703
2017-09-08,-0.0033576303922042204
2017-09-11,-0.0013958820637307383
2017-09-12,-0.0018019350625319945
2017-09-13,-0.0022520140454652324
2017-09-14,-0.001986113977623526
2017-09-15,-0.0027268975966448384
2017-09-18,-0.004686794504758401
2017-09-19,-0.006559435572424419
2017-09-20,-0.009505030256858669
2017-09-21,-0.009810713781514439
2017-09-22,-0.006879399883851189
2017-09-25,-0.003580635241648526
2017-09-26,0.0011909570098553436
2017-09-27,0.0026483422662057937
2017-09-28,0.0024082621775579627
2017-09-29,0.0019203626472833251
2017-10-02,0.0009684878805309
2017-10-03,0.0012981577082558627
2017-10-04,0.0017447627543666314
2017-10-05,0.0026410698430545817
2017-10-06,0.0025930107644989127
2017-10-09,0.0022715286694023943
2017-10-10,0.0021831979701931693
2017-10-11,0.002780956997087657
2017-10-12,0.0038618276939962077
2017-10-13,0.005069316481391821
2017-10-16,0.004206442766359652
2017-10-17,0.001195510615338826
2017-10-18,-0.0020478155530510803
2017-10-19,-0.004585765017053951
2017-10-20,-0.00401035017141772
2017-10-23,-0.002112695477475225
2017-10-24,0.0022794248898896073
2017-10-25,0.007043420868229496
2017-10-26,0.01172476156143137
2017-10-27,0.014917578217195799
2017-10-30,0.014133176872831298
2017-10-31,0.012548677025637903
2017-11-01,0.009592524185480322
2017-11-02,0.008835207117780915
2017-11-03,0.009876858533302321
2017-11-06,0.008959556390868621
2017-11-07,0.007437074000343845
2017-11-08,0.004462549680741538
2017-11-09,-2.7231127821124735e-05
2017-11-10,-0.003480110759973125
2017-11-13,-0.00514551711290815
2017-11-14,-0.00645643054922337
2017-11-15,-0.005416466488924001
2017-11-16,-0.0016933653738865195
2017-11-17,0.0009916102960199687
2017-11-20,0.004125177340265858
2017-11-21,0.006116474225868645
2017-11-22,0.004608200729443064
2017-11-24,0.0012249617361150952
2017-11-27,-0.0016454781479195743
2017-11-28,-0.004239757517321301
2017-11-29,-0.00540669929517127
2017-11-30,-0.0033588171920354943
2017-12-01,-0.0032757824067717947
2017-12-04,-0.0028100740915194076
2017-12-05,-0.0017763542755009068
2017-12-06,-0.0007288352276074941
2017-12-07,0.001299609324398088
2017-12-08,0.003014489841852557
2017-12-11,0.004215900992536101
2017-12-12,0.003578207580342732
2017-12-13,0.004286178165441026
2017-12-14,0.004024794662451083
2017-12-15,0.0037501536035683446
2017-12-18,0.003653859584579295
2017-12-19,0.0014574171442767443
2017-12-20,-0.0007987452822001753
2017-12-21,-0.0029259860072134514
2017-12-22,-0.00471796174737554
2017-12-26,-0.006315454528290583
2017-12-27,-0.004261235069862445
2017-12-28,-0.0023079851587048885
2017-12-29,-0.0001801615862005001
2018-01-02,0.004014310166928627
2018-01-03,0.00415183308788617
2018-01-04,0.004314993100191565
2018-01-05,0.0040601081763232075
2018-01-08,0.002064591554837769
2018-01-09,0.0022854149204090007
2018-01-10,0.002191269472451957
2018-01-11,0.0034393140029633134
2018-01-12,0.004742676354099938
2018-01-16,0.004249777408723844
2018-01-17,0.0038731389273847566
2018-01-18,0.0014485819823568126
2018-01-19,-0.001737106204102163
2018-01-22,-0.004847401195003558
2018-01-23,-0.007103319828897527
2018-01-24,-0.009670881783276047
2018-01-25,-0.01054501513957571
2018-01-26,-0.009275217002947615
2018-01-29,-0.008680245177243877
2018-01-30,-0.008229139822009988
2018-01-31,-0.009624001319459733
2018-02-01,-0.009929604096359021
2018-02-02,-0.011702762916565291
2018-02-05,-0.010982100869417335
2018-02-06,-0.006708344900161346
2018-02-07,-0.00491240343184662
2018-02-08,0.0003419979414142696
2018-02-09,0.007453539897520022
2018-02-12,0.013528219795856373
2018-02-13,0.017023057881194643
2018-02-14,0.017708881499057093
2018-02-15,0.014082810714006423
2018-02-16,0.0076084641199968585
2018-02-20,0.0050851160700220764
2018-02-21,0.00482960859226132
2018-02-22,0.006081701313224208
2018-02-23,0.008262783285117595
2018-02-26,0.006981458682046958
2018-02-27,0.0034727948920777758
2018-02-28,0.0003015708376571123
2018-03-01,-0.002213077586432007
2018-03-02,-0.0020240015931626194
2018-03-05,-0.0007942384242396565
2018-03-06,0.0008653602537675126
2018-03-07,0.0031376817137064006
2018-03-08,0.004866453521433757
2018-03-09,0.00513566849966517
2018-03-12,0.003564988934331813
2018-03-13,0.0005178600866330624
2018-03-14,-0.0028648560291420883
2018-03-15,-0.004523456635057538
2018-03-16,-0.006696562031429126
2018-03-19,-0.008716203228624533
2018-03-20,-0.010880324889764358
2018-03-21,-0.010636527333948376
2018-03-22,-0.009078312853319118
2018-03-23,-0.006656481344835612
2018-03-26,-0.0017821910112238548
2018-03-27,-0.00313782551856283
2018-03-28,-0.0020407896007294873
2018-03-29,0.0007395170630610753
2018-04-02,0.0015151341808717256
2018-04-03,0.0043921878006352826
2018-04-04,0.004986743291336283
2018-04-05,0.0036843747295616826
2018-04-06,0.001711451548252363
2018-04-09,0.003179500783211557
2018-04-10,0.004263231657701876
2018-04-11,0.00458910268417292
2018-04-12,0.006787026238572564
2018-04-13,0.005998805668117946
2018-04-16,0.0036077553145880134
2018-04-17,-0.0010101222145317264
2018-04-18,-0.00781095195317634
2018-04-19,-0.014593890752142197
2018-04-20,-0.017299992385426344
2018-04-23,-0.014170739121778773
2018-04-24,-0.010551834463325397
2018-04-25,-0.004199317803916781
2018-04-26,0.0012484907843975449
2018-04-27,0.006348707204452153
2018-04-30,0.012835436540770469
2018-05-01,0.01860753243755734
2018-05-02,0.02223068218925974
2018-05-03,0.020967380966000124
2018-05-04,0.019188990687274393
2018-05-07,0.01460971976711497
2018-05-08,0.010326803657616356
2018-05-09,0.008000232132493245
2018-05-10,0.0043391160578447885
2018-05-11,0.0018884635215923318
2018-05-14,-3.18025850495001e-05
2018-05-15,-0.0015880814125064505
2018-05-16,-0.0011233285796109441
2018-05-17,-0.001088808234374419
2018-05-18,-0.00010003482784071236
2018-05-21,0.0011284370932270005
2018-05-22,0.001046456480408063
2018-05-23,0.0016327803644320318
2018-05-24,0.0008905323590272256
2018-05-25,-0.00015035363728276848
2018-05-29,8.174708222165655e-05
2018-05-30,0.001128834376579113
2018-05-31,0.003322114254258795
2018-06-01,0.006082645829114508
2018-06-04,0.0065839132090077645
2018-06-05,0.00524780633090057
2018-06-06,0.002664365719491263
2018-06-07,-0.00021968278530603755
2018-06-08,-0.0021668032979520573
2018-06-11,-0.0024185319804577755
2018-06-12,-0.002528393076555901
2018-06-13,-0.0031396024995804504
2018-06-14,-0.0039054393417231694
2018-06-15,-0.005035994876547595
2018-06-18,-0.005378789081826551
2018-06-19,-0.005495363745263876
2018-06-20,-0.0050275739803490515
2018-06-21,-0.004300479315178457
2018-06-22,-0.0036112912077508642
2018-06-25,-0.002137622685263695
2018-06-26,5.914542593714984e-05
2018-06-27,0.001681754633351869
2018-06-28,0.002039863697176044
2018-06-29,0.00181043351994325
2018-07-02,0.001768045422218356
2018-07-03,0.0019680831590890313
2018-07-05,0.004197347120569219
2018-07-06,0.005061557999275769
2018-07-09,0.005112583469999139
2018-07-10,0.004232971670462545
2018-07-11,0.002268846097090607
2018-07-12,0.0026148058184856694
2018-07-13,0.001399081007053838
2018-07-16,0.0013330360099019691
2018-07-17,0.0013226636188990505
2018-07-18,0.0001984147817725815
2018-07-19,0.0012525553723164568
2018-07-20,0.002023493217693957
2018-07-23,0.002748101730874463
2018-07-24,0.0024900436971363694
2018-07-25,0.000633625625868225
2018-07-26,-0.0017871549283827004
2018-07-27,-0.00038189513734878766
2018-07-30,0.004975987641534008
2018-07-31,0.011668448452061135
2018-08-01,0.019021359280953103
2018-08-02,0.018434523241953372
2018-08-03,0.013240287055465705
2018-08-06,0.007823444730980848
2018-08-07,0.0016976887619786758
2018-08-08,0.0007290831573769255
2018-08-09,0.0017395107113196131
2018-08-10,0.0020970582686671378
2018-08-13,0.004060161195493427
2018-08-14,0.005865923020719239
2018-08-15,0.006576377961188708
2018-08-16,0.007362831308340378
2018-08-17,0.006147818235257892
2018-08-20,0.002991114618417406
2018-08-21,0.001515149790901752
2018-08-22,0.0009415057446585477
2018-08-23,0.0017737131134783143
2018-08-24,0.0045124610778675064
2018-08-27,0.0068231814484026165
2018-08-28,0.008704806741112465
2018-08-29,0.009784041653749721
2018-08-30,0.008729510476297728
2018-08-31,0.005677729589886259
2018-09-04,0.0011962162001315385
2018-09-05,-0.00402726997664577
2018-09-06,-0.005945777352615327
2018-09-07,-0.005978725729279908
2018-09-10,-0.002789302232175533
2018-09-11,0.0015756656089159428
2018-09-12,0.000723742495957649
2018-09-13,0.0004897845259951993
2018-09-14,-0.003196793615608576
2018-09-17,-0.005827525935942595
2018-09-18,-0.004201177706249238
2018-09-19,-0.002669880521584595
2018-09-20,0.0006738097287956313
2018-09-21,0.0018574845515979626
2018-09-24,0.003979622703295863
2018-09-25,0.004639309124466107
2018-09-26,0.004965525836971464
2018-09-27,0.007317894750066382
2018-09-28,0.00720645278656347
2018-10-01,0.0064406023557699015
2018-10-02,0.004208327859144489
2018-10-03,0.00022495214163683783
2018-10-04,-0.003138981141862532
2018-10-05,-0.007031249839099902
2018-10-08,-0.009013031607723479
2018-10-09,-0.007958102515762734
2018-10-10,-0.009218120226933453
2018-10-11,-0.004295172017265488
2018-10-12,0.00044286471708980676
2018-10-15,-0.0008293512943693559
2018-10-16,0.00240523473881492
2018-10-17,0.000331229398069188
2018-10-18,-0.001169202474596694
2018-10-19,0.00029876303431906274
2018-10-22,-0.00011993508199507538
2018-10-23,-0.0009409403356069193
2018-10-24,-0.004389760981227582
2018-10-25,-0.004642447118253564
2018-10-26,-0.005049791829888583
2018-10-29,-0.002117744266739425
2018-10-30,-0.000520256001652962
2018-10-31,-0.0021340888092229162
2018-11-01,-0.0058905313881579165
2018-11-02,-0.016167052435921453
2018-11-05,-0.013787433630020982
2018-11-06,-0.005017558819010628
2018-11-07,-0.00335094914525041
2018-11-08,-0.006466294194678458
2018-11-09,-0.01385326312683648
2018-11-12,-0.019082765475188855
2018-11-13,-0.016490698188342593
2018-11-14,-0.013303500758280698
2018-11-15,-0.009270724907884012
2018-11-16,-0.010114999764137676
2018-11-19,-0.018258778654320622
2018-11-20,-0.02005146719208117
2018-11-21,-0.017109379686150644
2018-11-23,-0.01068615966489624
2018-11-26,-0.0008406243818293371
2018-11-27,0.004459773701826364
2018-11-28,0.009119238294292377
2018-11-29,0.006179961429872302
2018-11-30,0.0018959590209610064
2018-12-03,-0.0031405956961507203
2018-12-04,-0.01219611558815633
2018-12-06,-0.013628678623356429
2018-12-07,-0.013967752090090628
2018-12-10,-0.009426831199443807
2018-12-11,-0.0055926414782867945
2018-12-12,-0.004437410921150018
2018-12-13,-0.0035240800593680124
2018-12-14,-0.008220623777211195
2018-12-17,-0.010039093020404913
2018-12-18,-0.013526871439463397
2018-12-19,-0.0200926694447073
2018-12-20,-0.017764070858232096
2018-12-21,-0.015387145040044839
2018-12-24,-0.01093679675055
2018-12-26,0.008733170427626212
2018-12-27,0.007452453279176907
2018-12-28,0.0011636813512012696
2018-12-31,-0.0043488961419801825
2019-01-02,-0.00855470868472593
2019-01-03,-0.03989064675315848
2019-01-04,0.012374419409582027
2019-01-07,0.0017846074014552832
2019-01-08,0.005910387976079158
2019-01-09,0.008502739091856722
2019-01-10,0.0036986781391500382
2019-01-11,0.0018673329537642568
2019-01-14,0.00150009677311555
2019-01-15,0.004590759578518625
2019-01-16,0.004782538824372439
2019-01-17,0.00390820607811842
2019-01-18,0.0011798083602912323
2019-01-22,-0.001225593820969343
2019-01-23,-0.0001081578819963619
2019-01-24,0.0006124628978243692
2019-01-25,0.006829158464423208
2019-01-28,0.009803108785781764
2019-01-29,0.01255045520049052
2019-01-30,0.018603025453145565
2019-01-31,0.01695585304752422
2019-02-01,0.01647080797738766
2019-02-04,0.014149500676451047
2019-02-05,0.007749279235818807
2019-02-06,0.002999345375766131
2019-02-07,-0.000808989274404495
2019-02-08,-0.002457320874908089
2019-02-11,-0.0022746298072187448
2019-02-12,-0.0004499161945362255
2019-02-13,0.0005106121658705502
2019-02-14,0.0011973889250137505
2019-02-15,0.0011495972410334255
2019-02-19,0.001713733428142288
2019-02-20,0.0028942251328678012
2019-02-21,0.003048527308654239
2019-02-22,0.004330217409270327
2019-02-25,0.0034669652296297764
2019-02-26,0.0025367424023270066
2019-02-27,0.002249253127572663
2019-02-28,0.0011079537978392377
2019-03-01,0.0015355061506339943
2019-03-04,0.00038201958946145647
2019-03-05,-0.0012143113088388252
2019-03-06,-0.00026120841099172483
2019-03-07,0.0014937567258586635
2019-03-08,0.005633272585871558
2019-03-11,0.010480520719078876
2019-03-12,0.01176473523844911
2019-03-13,0.01192650678069189
2019-03-14,0.01031182486801415
2019-03-15,0.008007433142481632
2019-03-18,0.008476506377840733
2019-03-19,0.007066363883814158
2019-03-20,0.006166262935737327
2019-03-21,0.004220411700450777
2019-03-22,-0.0008790712520793497
2019-03-25,-0.002645132972991713
2019-03-26,-0.002981896710643482
2019-03-27,-0.0010536346238507566
2019-03-28,0.002917903686528232
2019-03-29,0.005842824425284445
2019-04-01,0.007304109437976245
2019-04-02,0.00768725873153519
2019-04-03,0.007801842657271246
2019-04-04,0.006957668178906139
2019-04-05,0.006652045917700021
2019-04-08,0.005412967255451983
2019-04-09,0.003099114580188507
2019-04-10,0.0017006365920835004
2019-04-11,-0.0002826741098769564
2019-04-12,0.0004012887666168188
2019-04-15,0.0023355225127321133
2019-04-16,0.004061073369545508
2019-04-17,0.0070190118618870334
2019-04-18,0.006947283462419051
2019-04-22,0.005832265322793851
2019-04-23,0.004121022424293019
2019-04-24,0.0007207608050570316
2019-04-25,-0.0024964009268325445
2019-04-26,-0.0013548985457073192
2019-04-29,0.00018182458666172487
2019-04-30,0.003196201264164926
2019-05-01,0.007571856569652296
2019-05-02,0.0036799635860420136
2019-05-03,0.0003174166584696065
2019-05-06,-0.005169851015026894
2019-05-07,-0.010798813681442983
2019-05-08,-0.013759289536488547
2019-05-09,-0.01617082864311745
2019-05-10,-0.015715662105445265
2019-05-13,-0.01476501831453593
2019-05-14,-0.008393830165669572
2019-05-15,-0.005959168805368213
2019-05-16,-0.00450130108932687
2019-05-17,-0.004656906171109289
2019-05-20,-0.008918629671976354
2019-05-21,-0.008468091080313172
2019-05-22,-0.009905926226228254
2019-05-23,-0.00933263474249151
2019-05-24,-0.006640014579385364
2019-05-28,-0.0065945406721673525
2019-05-29,-0.0054794286693442325
2019-05-30,-0.002813818521535151
2019-05-31,-0.0008700280041188998
2019-06-03,0.004029404074347833
2019-06-04,0.011581884796525367
2019-06-05,0.015137888086667405
2019-06-06,0.017734987630552
2019-06-07,0.017168355741552586
2019-06-10,0.012670151259205393
2019-06-11,0.008374768980745021
2019-06-12,0.004012955255091789
2019-06-13,0.002413427027261732
2019-06-14,0.0022985137678228316
2019-06-17,0.00438856076955135
2019-06-18,0.006241139212308757
2019-06-19,0.004925831014201588
2019-06-20,0.0030088769798273505
2019-06-21,0.000973372163043213
2019-06-24,-0.00028223172585186817
2019-06-25,-0.0005312593214830244
2019-06-26,0.0020819739932734886
2019-06-27,0.0028854006599327445
2019-06-28,0.004028728362409069
2019-07-01,0.006198311492081388
2019-07-02,0.0038395690573674313
2019-07-03,0.002468632176383356
2019-07-05,0.0006623460338090874
2019-07-08,-0.0020627563093531943
2019-07-09,-0.000569920492492719
2019-07-10,0.001112110784156219
2019-07-11,0.0018632982204150566
2019-07-12,0.003120610153343582
2019-07-15,0.002825395830892063
2019-07-16,0.0008013178295916063
2019-07-17,0.001237786076174338
2019-07-18,0.002409072841853145
2019-07-19,0.0025958129576233702
2019-07-22,0.004750872267012333
2019-07-23,0.004081694236159176
2019-07-24,0.002667574176088301
2019-07-25,0.001792419052484669
2019-07-26,0.0022319909350977754
2019-07-29,0.0022826008616910255
2019-07-30,0.0003214397835832874
2019-07-31,-0.004513431359700052
2019-08-01,-0.011197222071082792
2019-08-02,-0.014285569541824486
2019-08-05,-0.012756289958268434
2019-08-06,-0.005292032734260433
2019-08-07,0.0009316660325672998
2019-08-08,0.007092590115348338
2019-08-09,0.007301334824584057
2019-08-12,0.0048717864857966385
2019-08-13,0.005389463577773395
2019-08-14,0.002521003290465281
2019-08-15,0.004796186620061383
2019-08-16,0.007852191263522278
2019-08-19,0.0077814008874654995
2019-08-20,0.0050361881850066615
2019-08-21,0.001572752299703491
2019-08-22,-0.004259548990119718
2019-08-23,-0.008110474038082877
2019-08-26,-0.0038422027207158024
2019-08-27,-0.0020043574450792955
2019-08-28,0.0010088363782797304
2019-08-29,0.004184616023743282
2019-08-30,0.003514184797196807
2019-09-03,0.004175773668115289
2019-09-04,0.006228046752037765
2019-09-05,0.007329301761021028
2019-09-06,0.009015820168485286
2019-09-09,0.010493349135227792
2019-09-10,0.009293865246152704
2019-09-11,0.008005632705646597
2019-09-12,0.0042420032370534076
2019-09-13,0.0013358336583576627
2019-09-16,0.0006416272445880253
2019-09-17,-0.0008944039652719375
2019-09-18,-0.0006445339110974999
2019-09-19,-0.0019994396829215062
2019-09-20,-0.0026078962455162126
2019-09-23,-0.0013710930291463562
2019-09-24,-0.000779274453161725
2019-09-25,0.0024457410175212566
2019-09-26,0.003424565556453844
2019-09-27,0.0025426950765740377
2019-09-30,0.0030827668094481875
2019-10-01,0.002144997691958638
2019-10-02,0.0018299779224879636
2019-10-03,0.003628683303548483
2019-10-04,0.00479345308842387
2019-10-07,0.004793114983446252
2019-10-08,0.006578694757318834
2019-10-09,0.008160557146028065
2019-10-10,0.008668632141308415
2019-10-11,0.008978256037020209
2019-10-14,0.0062625057002119264
2019-10-15,0.003289763218581082
2019-10-16,0.0024117400338980635
2019-10-17,0.0027330370855684766
2019-10-18,0.005043697094634884
2019-10-21,0.0067681295160678095
2019-10-22,0.006962468552069721
2019-10-23,0.007813096746984785
2019-10-24,0.005777266405029791
2019-10-25,0.0038277463380545704
2019-10-28,0.0028200704753775386
2019-10-29,0.0021725074448369136
2019-10-30,0.005692092126416558
2019-10-31,0.00923993720487026
2019-11-01,0.010784864209799117
2019-11-04,0.010171759206642341
2019-11-05,0.007448781519221228
2019-11-06,0.005390811590629558
2019-11-07,0.004619517578865433
2019-11-08,0.004758906835051789
2019-11-11,0.004531809826423158
2019-11-12,0.003966976427223426
2019-11-13,0.003857659887729776
2019-11-14,0.0030837476048168194
2019-11-15,0.0026167115355151876
2019-11-18,0.0008856621425371746
2019-11-19,-0.001586204102087057
2019-11-20,-0.001996067992398295
2019-11-21,-0.0018661443818758633
2019-11-22,0.0003974565147398311
2019-11-25,0.0029473848081655943
2019-11-26,0.0024078941954316377
2019-11-27,0.0009920487098959627
2019-11-29,-0.0018232746087990127
2019-12-02,-0.003507560216648213
2019-12-03,-0.0014560606809155493
2019-12-04,0.0014731698779884765
2019-12-05,0.004502092845889253
2019-12-06,0.0061034828103853096
2019-12-09,0.0047456436702463705
2019-12-10,0.004869565964846045
2019-12-11,0.005875097587401151
2019-12-12,0.006851925348370051
2019-12-13,0.008556829043562376
2019-12-16,0.007755389533117095
2019-12-17,0.005066965906076938
2019-12-18,0.0036756031192051067
2019-12-19,0.0028017452069674315
2019-12-20,0.0038745690544521073
2019-12-23,0.006243652580323026
2019-12-24,0.0070819790178306835
2019-12-26,0.008106993089873983
2019-12-27,0.008148745488041332
2019-12-30,0.007497745212119976
2019-12-31,0.007614773787833408
2020-01-02,0.006586573613356695
2020-01-03,0.004963658960367238
2020-01-06,0.005851875149605939
2020-01-07,0.006258999125934814
2020-01-08,0.009031593411683022
2020-01-09,0.010369689527932779
2020-01-10,0.008201480149644582
2020-01-13,0.007025042457728501
2020-01-14,0.003599679709101801
2020-01-15,0.0024461733400631507
2020-01-16,0.0033658407124681636
2020-01-17,0.003170816169597076
2020-01-21,0.0027403610339884824
2020-01-22,0.0004447427143430499
2020-01-23,-0.0008211705473427253
2020-01-24,-0.0006147342712990312
2020-01-27,0.0005499767194716193
2020-01-28,0.0021860008114012825
2020-01-29,0.00038578365529748793
2020-01-30,-0.0016737050317045252
2020-01-31,-0.003224782179978951
2020-02-03,-0.0002454347643980315
2020-02-04,0.003965865131143695
2020-02-05,0.005707980286136577
2020-02-06,0.00596614023813649
2020-02-07,0.003403052397953851
2020-02-10,0.0019321316112955447
2020-02-11,0.0019143699160919072
2020-02-12,0.0020055910247558824
2020-02-13,0.0007885412743064571
2020-02-14,-0.0010350563393238497
2020-02-18,-0.00402422016315227
2020-02-19,-0.008123177268040951
2020-02-20,-0.014706331937963616
2020-02-21,-0.019463424477429575
2020-02-24,-0.02556841809974865
2020-02-25,-0.02678179671527066
2020-02-26,-0.018427787987255622
2020-02-27,-0.014669368382290614
2020-02-28,0.0015682969806854125
2020-03-02,0.025966890999095465
2020-03-03,-0.0013777322280076757
2020-03-04,0.003370835263721347
2020-03-05,-0.006672415447313339
2020-03-06,-0.01570516092407046
2020-03-09,-0.03994763140604571
2020-03-10,0.010321813150088163
2020-03-11,-0.02636895784157256
2020-03-12,-0.056790566081171764
2020-03-13,0.06267852831439882
2020-03-16,-0.09077516385286902
2020-03-17,0.007533840798124572
2020-03-18,-0.019252054123342792
2020-03-19,-0.02076104066716979
2020-03-20,-0.016439675378292967
2020-03-23,-0.010337462704060628
2020-03-24,0.03319781896150746
2020-03-25,0.014909080420535549
2020-03-26,0.020721451036711212
2020-03-27,0.0031064295203860524
2020-03-30,-0.0009334351665311309
2020-03-31,-0.006285752912211683
2020-04-01,-0.006500466716045596
2020-04-02,0.0025185357131046007
2020-04-03,0.004403272236053648
2020-04-06,0.025608632176186318
2020-04-07,0.015551163816335109
2020-04-08,0.020541198693013636
2020-04-09,0.019537518258741456
2020-04-13,0.017224970823297738
2020-04-14,0.016856381251852473
2020-04-15,0.008290064798316584
2020-04-16,0.00048702309256851324
2020-04-17,-0.0060811088977761885
2020-04-20,-0.009969395911127646
2020-04-21,-0.006377639199645527
2020-04-22,0.00060995043835937
2020-04-23,0.003521205092939927
2020-04-24,0.00808383289033611
2020-04-27,0.009082700890639579
2020-04-28,0.007016503633769522
2020-04-29,0.009645981937859517
2020-04-30,0.008924177326446434
2020-05-01,0.008013105408885095
2020-05-04,0.009818202376607351
2020-05-05,0.010315868266928985
2020-05-06,0.011947016424658598
2020-05-07,0.012881529804730122
2020-05-08,0.01075594086479557
2020-05-11,0.00695092489589782
2020-05-12,0.0017547661732881434
2020-05-13,9.238133816114372e-05
2020-05-14,0.00022950121297357553
2020-05-15,0.002275028582276101
2020-05-18,0.00556989292199439
2020-05-19,0.005636496616945133
2020-05-20,0.005243475463167752
2020-05-21,0.003097286156959613
2020-05-22,0.001543377082951913
2020-05-26,0.0005818477237668814
2020-05-27,0.0008716458290096004
2020-05-28,0.002110502471268288
2020-05-29,0.003169786064516145
2020-06-01,0.00421141127392667
2020-06-02,0.005055521506900464
2020-06-03,0.005962496491590664
2020-06-04,0.008153824492232571
2020-06-05,0.012953024323662484
2020-06-08,0.011930768160004632
2020-06-09,0.010997531016829123
2020-06-10,0.007289428213598278
2020-06-11,0.0015003120185836509
2020-06-12,0.0035294707969898077
2020-06-15,0.0048774297023204145
2020-06-16,0.006273864300195076
2020-06-17,0.007602505595670633
2020-06-18,0.007350159211607895
2020-06-19,0.006472184156057513
2020-06-22,0.007903076993703783
2020-06-23,0.00578988581360435
2020-06-24,0.002373709036748593
2020-06-25,0.0017281965882956554
2020-06-26,-0.0010423413951463451
2020-06-29,0.0017022888604279931
2020-06-30,0.004568679995520576
2020-07-01,0.005088650849026632
2020-07-02,0.008108437635441208
2020-07-06,0.009445939811207092
2020-07-07,0.00901694909714466
2020-07-08,0.009206950226839771
2020-07-09,0.0074265805409158715
2020-07-10,0.005538167176642414
2020-07-13,0.004307367446103051
2020-07-14,0.003333948559798963
2020-07-15,0.0030512728395368192
2020-07-16,0.0013114871795836438
2020-07-17,0.001403907335287169
2020-07-20,-0.001451447019716701
2020-07-21,-0.006042878003079884
2020-07-22,-0.007004753908500172
2020-07-23,-0.010126362170259974
2020-07-24,-0.00636456124857633
2020-07-27,-0.00023755560368566415
2020-07-28,0.008315580401725387
2020-07-29,0.020669885196917114
2020-07-30,0.026797830435045723
2020-07-31,0.03556571990082571
2020-08-03,0.031423293316770524
2020-08-04,0.023054971761573492
2020-08-05,0.015943230624677354
2020-08-06,0.0072440045086374595
2020-08-07,0.0025240646935305953
2020-08-10,0.0033306705533533015
2020-08-11,0.002693780533137926
2020-08-12,0.005893505030902564
2020-08-13,0.007668522672172051
2020-08-14,0.0058916716991246326
2020-08-17,0.006499825733272427
2020-08-18,0.008688369232584066
2020-08-19,0.012626081480797106
2020-08-20,0.016988636206017652
2020-08-21,0.01939634325091655
2020-08-24,0.014607905395320968
2020-08-25,0.008750642975484214
2020-08-26,0.0060857935782509375
2020-08-27,0.005545415108381882
2020-08-28,0.008340398642406571
2020-08-31,0.01065797153243037
2020-09-01,0.004540966729025687
2020-09-02,-0.017553184636571077
2020-09-03,-0.02825358734095478
2020-09-04,-0.02540387976332026
2020-09-08,-0.03334130922687402
2020-09-09,-0.007777138084485543
2020-09-10,-0.008316812664382573
2020-09-11,-0.0051275732185754146
2020-09-14,-0.001250786031887582
2020-09-15,-0.007437626872952083
2020-09-16,-0.009507693524287727
2020-09-17,-0.008932828397852659
2020-09-18,-0.009850597394007447
2020-09-21,-0.0042531220872630456
2020-09-22,9.24505710101181e-06
2020-09-23,0.0019243156181325935
2020-09-24,0.0077152038980125084
2020-09-25,0.011149602668916403
2020-09-28,0.012374198414773399
2020-09-29,0.009574047401887291
2020-09-30,0.0069406755273926386
2020-10-01,0.0012573896418021373
2020-10-02,-0.002125850743515952
2020-10-05,6.996374649399068e-06
2020-10-06,-0.0010478381924575448
2020-10-07,0.006317639578158318
2020-10-08,0.010426322018767153
2020-10-09,0.01265020284912571
2020-10-12,0.015956763183550268
2020-10-13,0.00409264017854235
2020-10-14,-0.00020297753954293736
2020-10-15,-0.0054232724583033135
2020-10-16,-0.00941090854397987
2020-10-19,-0.008388909085037153
2020-10-20,-0.006197610083237414
2020-10-21,-0.005592629552356803
2020-10-22,-0.0037166478212209853
2020-10-23,-0.004481864150525319
2020-10-26,-0.003821316341573927
2020-10-27,-0.005955540804905608
2020-10-28,-0.010578908438058443
2020-10-29,-0.00467382769041602
2020-10-30,-0.011411211638525466
2020-11-02,0.0006079989319092696
2020-11-03,0.010515303042430417
2020-11-04,0.014293693468613613
2020-11-05,0.015154407491211499
2020-11-06,0.009921174202322872
2020-11-09,0.004631699357920183
2020-11-10,0.0028419806775272123
2020-11-11,0.004473160673958138
2020-11-12,0.004072015880679495
2020-11-13,0.003177045776285957
2020-11-16,0.00129122169116435
2020-11-17,-0.002556887544906813
2020-11-18,-0.005474174788635989
2020-11-19,-0.006385519898470771
2020-11-20,-0.00745005576824289
2020-11-23,-0.006293783252341126
2020-11-24,-0.0005328029169443251
2020-11-25,0.004968783267369869
2020-11-27,0.01004569002152152
2020-11-30,0.013761040168812473
2020-12-01,0.012627451482399535
2020-12-02,0.00918133422544272
2020-12-03,0.006151417887410152
2020-12-04,0.002244330760971713
2020-12-07,0.0010906445319105315
2020-12-08,-0.00011219692396368763
2020-12-09,-0.0020892091877514883
2020-12-10,0.0015580613793833068
2020-12-11,0.00332965804663302
2020-12-14,0.007141876103601189
2020-12-15,0.010917838004551827
2020-12-16,0.008033910006579954
2020-12-17,0.0077174465350289215
2020-12-18,0.0056736767446906086
2020-12-21,0.005784804755546782
2020-12-22,0.009607115640243134
2020-12-23,0.009049069449831991
2020-12-24,0.009264581476755353
2020-12-28,0.007037871524676103
2020-12-29,-0.0003758911292629115
2020-12-30,-0.0035919279974799562
2020-12-31,-0.008315141823357478
2021-01-04,-0.009494500366699453
2021-01-05,-0.004811690216693002
2021-01-06,-0.003972835339841839
2021-01-07,0.000523650464710899
2021-01-08,0.0013486109044944432
2021-01-11,-0.001417711138742439
2021-01-12,-0.0013397431423375137
2021-01-13,-0.0028889965762029764
2021-01-14,-0.0023326453119572755
2021-01-15,0.002916307400915052
2021-01-19,0.009419878762199903
2021-01-20,0.016866340480394662
2021-01-21,0.021382685494228983
2021-01-22,0.0199639900993821
2021-01-25,0.013462195404377882
2021-01-26,0.0015015915232289255
2021-01-27,-0.007624179955061983
2021-01-28,-0.013140834886582499
2021-01-29,-0.013697421922367725
2021-02-01,-0.006190508537538034
2021-02-02,-0.0008208092209312757
2021-02-03,0.003345736011693088
2021-02-04,0.005850444196984201
2021-02-05,0.0025069778306705567
2021-02-08,0.0004553343694493752
2021-02-09,-0.0012276815940095128
2021-02-10,-0.0035890382439385136
2021-02-11,-0.004902394015760639
2021-02-12,-0.006711541859247282
2021-02-16,-0.008596904663005445
2021-02-17,-0.010755829881870647
2021-02-18,-0.011044603148061327
2021-02-19,-0.010623075190044415
2021-02-22,-0.012457331299376784
2021-02-23,-0.011385471571187345
2021-02-24,-0.00800902691094764
2021-02-25,-0.005986817853765012
2021-02-26,-0.0010098931576947054
2021-03-01,0.0008015031077978081
2021-03-02,-0.003345429043572861
2021-03-03,-0.007767193989648481
2021-03-04,-0.008816157732787532
2021-03-05,-0.00830907675673772
2021-03-08,-0.004912496055744913
2021-03-09,0.002236514662870825
2021-03-10,0.004137797823394389
2021-03-11,0.007062009577207408
2021-03-12,0.008203332241534744
2021-03-15,0.0054852277148207
2021-03-16,0.001956523584172249
2021-03-17,-0.0019841847836478393
2021-03-18,-0.004524985326737459
2021-03-19,-0.00449481602014979
2021-03-22,-0.002133543349934033
2021-03-23,-0.0021530511422157886
2021-03-24,-0.0016202280619857818
2021-03-25,-0.0014906129416257007
2021-03-26,-0.0009990227619700817
2021-03-29,0.0010312973945927812
2021-03-30,0.0039005753214438445
2021-03-31,0.007205093174678107
2021-04-01,0.009276702158281776
2021-04-05,0.011992687436794977
2021-04-06,0.013141558459570747
2021-04-07,0.012378524587355114
2021-04-08,0.01261576860950919
2021-04-09,0.009779132635198466
2021-04-12,0.007051230193328609
2021-04-13,0.005984070501467321
2021-04-14,0.0030622075739275703
2021-04-15,0.0027757859862661076
2021-04-16,0.001608435773110882
2021-04-19,-0.0008098286099034127
2021-04-20,-0.001241630925360319
2021-04-21,-0.0009993969196717503
2021-04-22,-0.00011770755572449384
2021-04-23,0.0016972868330663127
2021-04-26,0.0015466951392183001
2021-04-27,-0.0007356661491032631
2021-04-28,-0.0020172782557507448
2021-04-29,-0.005529559242218802
2021-04-30,-0.007708784148526304
2021-05-03,-0.007000967171025953
2021-05-04,-0.0071370438474922596
2021-05-05,-0.004781570806966609
2021-05-06,-0.0031819521199794826
2021-05-07,-0.005703956911411389
2021-05-10,-0.007268726462776295
2021-05-11,-0.006589082020182513
2021-05-12,-0.005438959446110201
2021-05-13,-0.001043787120180888
2021-05-14,0.001383195292394469
2021-05-17,0.001019563331537444
2021-05-18,0.0004239620189206815
2021-05-19,0.0004902559033588691
2021-05-20,0.001728506861467907
2021-05-21,0.0015709698630357197
2021-05-24,0.0019133251097062513
2021-05-25,-0.00043957449082441223
2021-05-26,-0.0028415144145161383
2021-05-27,-0.0035035034861865197
2021-05-28,-0.004302839006830389
2021-06-01,-0.0024275166983682072
2021-06-02,-0.00031419223748609744
2021-06-03,0.0014080376753215743
2021-06-04,0.004072492388704309
2021-06-07,0.0035428818609333805
2021-06-08,0.0034491612372445028
2021-06-09,0.004432782006355751
2021-06-10,0.0038644186765123857
2021-06-11,0.005726109024521503
2021-06-14,0.007152302151393696
2021-06-15,0.005325123090326921
2021-06-16,0.005372585625338714
2021-06-17,0.005214438449539389
2021-06-18,0.003971825917807321
2021-06-21,0.005378904362588597
2021-06-22,0.004490978502173634
2021-06-23,0.003050414096058777
2021-06-24,0.003368630514669926
2021-06-25,0.0036124729457005693
2021-06-28,0.005154343544621164
2021-06-29,0.007139281031340752
2021-06-30,0.008477363252215795
2021-07-01,0.010215660242698352
2021-07-02,0.010953042833628442
2021-07-06,0.010854466132526178
2021-07-07,0.009380844945989234
2021-07-08,0.006462059041215571
2021-07-09,0.006328257045974563
2021-07-12,0.005504684192160464
2021-07-13,0.005234886697751176
2021-07-14,0.003389828051130938
2021-07-15,-0.00040705873430321927
2021-07-16,-0.003152069861586657
2021-07-19,-0.003789443428952507
2021-07-20,0.00021960065128895606
2021-07-21,0.0026923856143402066
2021-07-22,0.004588653009030039
2021-07-23,0.003634167297026638
2021-07-26,-0.00023138249798191908
2021-07-27,-0.0027612110952221947
2021-07-28,-0.003881944371972407
2021-07-29,-0.002084588996442663
2021-07-30,-0.000284238666943275
2021-08-02,0.0015548270440786317
2021-08-03,0.0024487018937774194
2021-08-04,0.0009836227482403564
2021-08-05,-5.929395929159382e-05
2021-08-06,-0.0009898851904862566
2021-08-09,-0.0001839970771210877
2021-08-10,0.0015380428797032442
2021-08-11,0.0043469712197921765
2021-08-12,0.0065938574449041585
2021-08-13,0.004357499195130801
2021-08-16,0.002068651209000251
2021-08-17,-0.0014807053185190372
2021-08-18,-0.0035091333138368317
2021-08-19,-0.0010610907067561941
2021-08-20,0.0006563999427840686
2021-08-23,0.0016053336318617125
2021-08-24,0.0013402624142543936
2021-08-25,0.0014085781418690375
2021-08-26,0.0021502924992358
2021-08-27,0.004495712870555521
2021-08-30,0.007049528625366602
2021-08-31,0.006084174288793282
2021-09-01,0.006608403321798208
2021-09-02,0.005594252893956902
2021-09-03,0.003676164124398726
2021-09-07,0.0009992227351412878
2021-09-08,-0.003884892313637345
2021-09-09,-0.007823411005680845
2021-09-10,-0.010072709135939408
2021-09-13,-0.007951153236183265
2021-09-14,-0.006512079828210402
2021-09-15,-0.0058549291056759645
2021-09-16,-0.006170027126234984
2021-09-17,-0.007341794193038771
2021-09-20,-0.0055373431274209715
2021-09-21,-0.0015960524928155763
2021-09-22,0.0016374326689785183
2021-09-23,0.001173163359067212
2021-09-24,-0.0008817446817404569
2021-09-27,-0.004947482085978265
2021-09-28,-0.006967654411575852
2021-09-29,-0.00648810610019112
2021-09-30,-0.005519028230008277
2021-10-01,-0.0029492787511089004
2021-10-04,-0.001489052112521475
2021-10-05,0.0014095316330319189
2021-10-06,0.002915191962350863
2021-10-07,0.0024786943819279945
2021-10-08,0.0011521490272435563
2021-10-11,-0.00013936817386837517
2021-10-12,-5.658486538775379e-06
2021-10-13,0.0023976510317153315
2021-10-14,0.0068327459114098455
2021-10-15,0.008804252284575579
2021-10-18,0.009892906445181072
2021-10-19,0.00861169281449099
2021-10-20,0.005172974691930777
2021-10-21,0.002851579916983764
2021-10-22,0.000616788886047688
2021-10-25,0.0013207246121191383
2021-10-26,0.0018570088901648945
2021-10-27,0.001681020932740513
2021-10-28,0.0024343462424504694
2021-10-29,0.00038037768006376257
2021-11-01,0.0003766169305077562
2021-11-02,0.0015845264075440755
2021-11-03,0.001361049164534238
2021-11-04,0.0016149787562291253
2021-11-05,-4.741620938146236e-05
2021-11-08,-0.0025293972288058567
2021-11-09,-0.0029825092631866755
2021-11-10,-0.0031290493928417167
2021-11-11,-0.0006607199633987075
2021-11-12,0.00309557723031959
2021-11-15,0.006483023602066662
2021-11-16,0.011067747210208156
2021-11-17,0.013795247561308784
2021-11-18,0.014608409735554863
2021-11-19,0.012999065876138242
2021-11-22,0.007277759608634996
2021-11-23,0.0029587343462761885
2021-11-24,0.0013025985999711568
2021-11-26,0.0007945286840063631
2021-11-29,0.004978149840087246
2021-11-30,0.005902605607557714
2021-12-01,0.0044217799247545505
2021-12-02,0.0057242992485086516
2021-12-03,0.007191407740599884
2021-12-06,0.01129921674363766
2021-12-07,0.016417488072355726
2021-12-08,0.015675299269373572
2021-12-09,0.011229427544322115
2021-12-10,0.008175150466986702
2021-12-13,0.0004935867884783454
2021-12-14,-0.0028072778129895376
2021-12-15,-0.004202912362519663
2021-12-16,-0.008116586595405421
2021-12-17,-0.004346397658903721
2021-12-20,-0.0008391814574987943
2021-12-21,0.004603618006237545
2021-12-22,0.009078474071976853
2021-12-23,0.009180906350208141
2021-12-27,0.008008498112849666
2021-12-28,0.003265666983276214
2021-12-29,0.0019710655901627448
2021-12-30,0.0007655623623166256
2021-12-31,-0.0010726218792858622
2022-01-03,-0.002100552033326918
2022-01-04,-0.0065153464807988695
2022-01-05,-0.009294902776662383
2022-01-06,-0.008076647077540664
2022-01-07,-0.0048150126195321075
2022-01-10,-0.001334041133155838
2022-01-11,0.0016527320286722684
2022-01-12,-0.0003182743077054691
2022-01-13,-0.004990358590385295
2022-01-14,-0.007849293118516959
2022-01-18,-0.012141179520387034
2022-01-19,-0.013313145971208765
2022-01-20,-0.012384199003757607
2022-01-21,-0.011391081272407002
2022-01-24,-0.008657612816124996
2022-01-25,-0.0022911564329939947
2022-01-26,0.005790399899445313
2022-01-27,0.013231497241176234
2022-01-28,0.020676792039819078
2022-01-31,0.018332124206049905
2022-02-01,0.01194300543378329
2022-02-02,0.005375098883048625
2022-02-03,-0.0011108383249253005
2022-02-04,-0.000757196502785363
2022-02-07,-7.417731198103148e-05
2022-02-08,-0.00019815367606736928
2022-02-09,-0.0020818269513362634
2022-02-10,-0.004621205371759283
2022-02-11,-0.004367307787868939
2022-02-14,-0.0031690933362785194
2022-02-15,-0.0015924394073614633
2022-02-16,-0.0034839863512793386
2022-02-17,-0.008332177555906208
2022-02-18,-0.010735693090052456
2022-02-22,-0.011070250161497406
2022-02-23,-0.00762538268037005
2022-02-24,-0.0017227969876813614
2022-02-25,0.0020419682169509827
2022-02-28,0.0034850068782729207
2022-03-01,0.0024389698104328385
2022-03-02,-0.0002830832694015998
2022-03-03,-0.005252635423942596
2022-03-04,-0.0070192073007272334
2022-03-07,-0.008083701097615234
2022-03-08,-0.008391213118943447
2022-03-09,-0.007639567332146539
2022-03-10,-0.009483878733800822
2022-03-11,-0.007256434628339052
2022-03-14,-0.0031022321228031634
2022-03-15,0.00497709272589074
2022-03-16,0.01208199208153188
2022-03-17,0.01517561037484275
2022-03-18,0.016465131705131843
2022-03-21,0.014885665829972548
2022-03-22,0.01430430800247684
2022-03-23,0.013251214738726145
2022-03-24,0.012759793237838733
2022-03-25,0.010342290565667479
2022-03-28,0.006869269023155933
2022-03-29,0.003947450826216888
2022-03-30,0.0006325083906534251
2022-03-31,-0.0016421651844222877
2022-04-01,-0.0026058988909760817
2022-04-04,-0.0029280070000585632
2022-04-05,-0.005741427725343933
2022-04-06,-0.008196832370795671
2022-04-07,-0.008729222025982333
2022-04-08,-0.008581263470144384
2022-04-11,-0.0073751191479617265
2022-04-12,-0.004216551265530401
2022-04-13,-0.002778075436669001
2022-04-14,-0.0033167359725243886
2022-04-18,-0.0011017785280512003
2022-04-19,-0.002099241523891169
2022-04-20,-0.003713009417572695
2022-04-21,-0.006564286788781789
2022-04-22,-0.01080330657255599
2022-04-25,-0.008838281377012765
2022-04-26,-0.009167277082723153
2022-04-27,-0.0046816797394470585
2022-04-28,0.000282473845623868
2022-04-29,0.00047432366156988125
2022-05-02,0.0021642259091013876
2022-05-03,0.0015256694052728508
2022-05-04,0.0013419130727551807
2022-05-05,-0.011665674059492745
2022-05-06,-0.011605563927129222
2022-05-09,-0.017569220980364036
2022-05-10,-0.01675168285865119
2022-05-11,-0.01609081873794404
2022-05-12,-0.01078978168867765
2022-05-13,-0.005415763696885071
2022-05-16,-0.007637885224019215
2022-05-17,-0.007142633188440217
2022-05-18,-0.011957628776302284
2022-05-19,-0.011126540840274875
2022-05-20,-0.004411241519695262
2022-05-23,0.0018499428661381463
2022-05-24,0.006760658970915145
2022-05-25,0.010631476353372332
2022-05-26,0.012745898599244288
2022-05-27,0.01314457607637589
2022-05-31,0.008550822936370415
2022-06-01,0.003740329364299375
2022-06-02,0.00019981143612137538
2022-06-03,-0.004307225540153443
2022-06-06,-0.003691331467012387
2022-06-07,-0.006524383544739682
2022-06-08,-0.014030993222274676
2022-06-09,-0.01944797025094894
2022-06-10,-0.021500594471203067
2022-06-13,-0.020831714166674505
2022-06-14,-0.013476941939676908
2022-06-15,-0.005254768003593594
2022-06-16,-0.002049882388812725
2022-06-17,0.005084251985429772
2022-06-21,0.00985901821724378
2022-06-22,0.011019998613787317
2022-06-23,0.012014630497825966
2022-06-24,0.008621260717974578
2022-06-27,0.0017799198131891692
2022-06-28,-0.00204451664917335
2022-06-29,-0.0011562118675347373
2022-06-30,4.6218899917725405e-05
2022-07-01,0.006518745115884889
2022-07-05,0.011280879152137666
2022-07-06,0.010879456124315998
2022-07-07,0.010517247271692943
2022-07-08,0.005894787191764502
2022-07-11,0.002953771782328908
2022-07-12,0.0037548814553005887
2022-07-13,0.0029985970237842506
2022-07-14,0.005690218535967383
2022-07-15,0.006980095699823439
2022-07-18,0.006853939155880764
2022-07-19,0.009251829189530577
2022-07-20,0.007730501069775627
2022-07-21,0.005244883240929201
2022-07-22,0.0037020047185896132
2022-07-25,0.002096245781713
2022-07-26,0.005083575640438545
2022-07-27,0.009632005902693017
2022-07-28,0.01032591772760574
2022-07-29,0.012411056196914148
2022-08-01,0.009878219680930523
2022-08-02,0.007475995866327642
2022-08-03,0.008162239010127605
2022-08-04,0.004398477249340397
2022-08-05,0.004508500888737015
2022-08-08,0.004128897299279895
2022-08-09,0.004854489729157901
2022-08-10,0.00828266956543707
2022-08-11,0.008300405291692188
2022-08-12,0.009333082834240758
2022-08-15,0.007390745453594801
2022-08-16,0.00372711540707615
2022-08-17,0.00033893219180156173
2022-08-18,-0.0045470760412624515
2022-08-19,-0.007709292776585497
2022-08-22,-0.007649019031619677
2022-08-23,-0.007135946132652034
2022-08-24,-0.006683880857845926
2022-08-25,-0.007563264504026826
2022-08-26,-0.011913497498316102
2022-08-29,-0.012622892504161059
2022-08-30,-0.012592662779279859
2022-08-31,-0.011037992024069259
2022-09-01,-0.006645362119870576
2022-09-02,-0.0058454646643356575
2022-09-06,-0.0030275398314339257
2022-09-07,0.0022190943461264066
2022-09-08,0.001866605640361769
2022-09-09,0.0036100048032860705
2022-09-12,0.005006977261753701
2022-09-13,-0.011636346289332269
2022-09-14,-0.006483874763030875
2022-09-15,-0.006190269532428532
2022-09-16,-0.003620963993778201
2022-09-19,0.0022877448835096565
2022-09-20,0.00036785216835389994
2022-09-21,-0.002759562565155145
2022-09-22,-0.004112901193622395
2022-09-23,-0.006151352590869121
2022-09-26,-0.007884433407180534
2022-09-27,-0.010834471864201592
2022-09-28,-0.013989292779418828
2022-09-29,-0.01564222520038476
2022-09-30,-0.010552403518335403
2022-10-03,0.0006179808476770013
2022-10-04,0.003530712118840639
2022-10-05,0.0013608987981604047
2022-10-06,-0.0035861960710709467
2022-10-07,-0.00989701734660961
2022-10-10,-0.007572294098455385
2022-10-11,-0.006008593967884302
2022-10-12,-0.001234050549836351
2022-10-13,0.004287302803739113
2022-10-14,0.0033858045063295756
2022-10-17,0.006523226912789252
2022-10-18,0.007096816481159883
2022-10-19,0.007129625414606745
2022-10-20,0.010330163180125522
2022-10-21,0.010652653198052697
2022-10-24,0.007498158081249434
2022-10-25,0.007644402881929328
2022-10-26,0.004473676841939427
2022-10-27,-0.0029468029383157477
2022-10-28,0.010607982808880072
2022-10-31,-0.0076759943639776555
2022-11-01,-0.012832526654905297
2022-11-02,-0.018336913236473892
2022-11-03,-0.02076226025868174
2022-11-04,-0.015328743860615592
2022-11-07,-0.00529494766637234
2022-11-08,0.0032266256021710477
2022-11-09,0.00014675378380843277
2022-11-10,0.02920220920508413
2022-11-11,0.01707157613929535
2022-11-14,0.011712952467135997
2022-11-15,0.009154099706813103
2022-11-16,0.0016408013949919887
2022-11-17,0.0014102130202050507
2022-11-18,0.0011307578133369002
2022-11-21,-0.0014529487243408507
2022-11-22,-0.002222818635801657
2022-11-23,-0.006670844847458071
2022-11-25,-0.008086339460192158
2022-11-28,-0.006674308196033065
2022-11-29,-0.0035163180150765516
2022-11-30,0.0027222578782801748
2022-12-01,0.001792806594186631
2022-12-02,-0.0014771762418014575
2022-12-05,-0.005234765557078664
2022-12-06,-0.009541438673281263
2022-12-07,-0.0066542406479603265
2022-12-08,-0.0014913818434799879
2022-12-09,0.0009743382977162817
2022-12-12,0.0003699918353483303
2022-12-13,-0.0047904501772796145
2022-12-14,-0.01266571339959711
2022-12-15,-0.017863075416301284
2022-12-16,-0.01580639199508661
2022-12-19,-0.012401649204793405
2022-12-20,-0.006744844554337203
2022-12-21,-0.0028740413211292394
2022-12-22,-0.006891634089344671
2022-12-23,-0.007073958770264871
2022-12-27,-0.007754285689590865
2022-12-28,-0.009103323294435715
2022-12-29,-0.0044446320248061645
2022-12-30,-0.005447317907393471
2023-01-03,-0.0046750419706002395
2023-01-04,0.00024406313722994975
2023-01-05,0.0022105268168986125
2023-01-06,0.008561073367036246
2023-01-09,0.010511643984331728
2023-01-10,0.010198749256320184
2023-01-11,0.010516261796873254
2023-01-12,0.0072193796807380264
2023-01-13,0.0062834590208684015
2023-01-17,0.005533972733554758
2023-01-18,0.005424401405115957
2023-01-19,0.00791944761500789
2023-01-20,0.010027089372595216
2023-01-23,0.011302596381799094
2023-01-24,0.011068919007658537
2023-01-25,0.00797946203816701
2023-01-26,0.006067990108215189
2023-01-27,0.004001452662347951
2023-01-30,0.003962241051420145
2023-01-31,0.008590823827375697
2023-02-01,0.01067166534181356
2023-02-02,0.013878545150315662
2023-02-03,0.012272732496535205
2023-02-06,0.005952424755035015
2023-02-07,0.0026081219736587766
2023-02-08,-0.0014625137002222317
2023-02-09,-0.0012969584415101882
2023-02-10,0.002105205833460932
2023-02-13,0.003414751547428276
2023-02-14,0.0031131731349134315
2023-02-15,0.0005375490551461806
2023-02-16,-0.004016760561450752
2023-02-17,-0.006901903720551996
2023-02-21,-0.008811191866342103
2023-02-22,-0.0070914707688419214
2023-02-23,-0.0050861291859374885
2023-02-24,-0.00504344425897572
2023-02-27,-0.0029455263063473186
2023-02-28,-0.001408935985749987
2023-03-01,0.0018882418624842274
2023-03-02,0.0062716051593165855
2023-03-03,0.009525698526988768
2023-03-06,0.008042915460847054
2023-03-07,0.003174565888571108
2023-03-08,5.8442785489731764e-05
2023-03-09,-0.0029684790343416888
2023-03-10,-0.001797889870254651
2023-03-13,0.003425378421309251
2023-03-14,0.005746814002573432
2023-03-15,0.0078011082714447896
2023-03-16,0.009331064580117584
2023-03-17,0.007100767222115964
2023-03-20,0.006811882356373082
2023-03-21,0.005993705299679933
2023-03-22,0.003081887404919369
2023-03-23,0.0022215440354483758
2023-03-24,0.001376046507409332
2023-03-27,0.001072050532671213
2023-03-28,0.004026527469099964
2023-03-29,0.0073874686098575155
2023-03-30,0.008529379291031815
2023-03-31,0.008248435777021914
2023-04-03,0.005596557889312233
2023-04-04,0.0007300652062536008
2023-04-05,-0.0029809720101199436
2023-04-06,-0.0049302791659864
2023-04-10,-0.0044985747708372065
2023-04-11,-0.001706949450941362
2023-04-12,0.0018412931313772948
2023-04-13,0.005692506000766071
2023-04-14,0.006128421731032651
2023-04-17,0.005456052996922414
2023-04-18,0.003678017273813395
2023-04-19,0.0008100308101054818
2023-04-20,-0.001422567966937594
2023-04-21,-0.0030583195403070616
2023-04-24,-0.0017079191853556406
2023-04-25,0.00034470821831232394
2023-04-26,0.0039832531499500515
2023-04-27,0.0068748328177108495
2023-04-28,0.0052466217292414415
2023-05-01,0.002173958761632927
2023-05-02,0.0014412536139550387
2023-05-03,0.001455811888159564
2023-05-04,0.003405073301500234
2023-05-05,0.007717168246981066
2023-05-08,0.006332103781773659
2023-05-09,0.004269801791628196
2023-05-10,0.002873280582904183
2023-05-11,-0.00044180531906134964
2023-05-12,-0.0008026388627857687
2023-05-15,0.0003386911303388002
2023-05-16,0.0012556544992146815
2023-05-17,0.0024770721512495444
2023-05-18,0.0023628136198334316
2023-05-19,0.00031426792103268715
2023-05-22,-0.0015772800947378633
2023-05-23,-0.001906459833646832
2023-05-24,0.0005607562583645875
2023-05-25,0.0036548350186311634
2023-05-26,0.006947905166480533
2023-05-30,0.00844446059770387
2023-05-31,0.007186164781759513
2023-06-01,0.005936146446742445
2023-06-02,0.0026294039350909936
2023-06-05,0.0005617204179120434
2023-06-06,0.00024157051045769356
2023-06-07,0.0011314763036492257
2023-06-08,0.003824714617200045
2023-06-09,0.00511519032393507
2023-06-12,0.006357021225990295
2023-06-13,0.005162901774361801
2023-06-14,0.003839420547513607
2023-06-15,0.0026837268982994626
2023-06-16,0.0012952111908665063
2023-06-20,0.0015041405424046253
2023-06-21,0.0010149608162174813
2023-06-22,0.0023892265206714443
2023-06-23,0.0028049818222128753
2023-06-26,0.003179705230343169
2023-06-27,0.005960014961627813
2023-06-28,0.006027816206025596
2023-06-29,0.005963469397748384
2023-06-30,0.005724303732116371
2023-07-03,0.001787044644000126
2023-07-05,-0.0009213676698854813
2023-07-06,-0.00267530404767865
2023-07-07,-0.004071182963393245
2023-07-10,-0.003047909672946282
2023-07-11,-0.001099463733444819
2023-07-12,0.0019050036305531572
2023-07-13,0.003864084734699308
2023-07-14,0.005388130918358284
2023-07-17,0.005497271450821128
2023-07-18,0.0028995731660342076
2023-07-19,0.0012918257472243318
2023-07-20,-0.0006622526938532627
2023-07-21,-0.001015099111146569
2023-07-24,6.431310887378144e-05
2023-07-25,0.001372075323114813
2023-07-26,0.002754932329555276
2023-07-27,0.0026688195774375073
2023-07-28,0.002046047467442607
2023-07-31,-0.00045000113791331857
2023-08-01,-0.006135432942292051
2023-08-02,-0.012089579080073267
2023-08-03,-0.016173889903851286
2023-08-04,-0.019063184991649516
2023-08-07,-0.015680721344114253
2023-08-08,-0.010369441665143479
2023-08-09,-0.006111728597301532
2023-08-10,-0.0018929507767324381
2023-08-11,-0.0009061528261630066
2023-08-14,-0.0019657006933313506
2023-08-15,-0.003687056745808619
2023-08-16,-0.004080943270368388
2023-08-17,-0.003438515184314813
2023-08-18,0.0004147506122501633
2023-08-21,0.0028433951636993955
2023-08-22,0.004389922625082595
2023-08-23,0.0051919725396764585
2023-08-24,0.003712193260160833
2023-08-25,0.006909966252692403
2023-08-28,0.009092184935216623
2023-08-29,0.01119233365331199
2023-08-30,0.012031588960288322
2023-08-31,0.006561454050186164
2023-09-01,-0.00012524819963415025
2023-09-05,-0.007097109323373409
2023-09-06,-0.01246616706665161
2023-09-07,-0.013167575829667502
2023-09-08,-0.010830417520295784
2023-09-11,-0.007855717687402064
2023-09-12,-0.005887160205741251
2023-09-13,-0.0029974778131591135
2023-09-14,-8.732832138037521e-05
2023-09-15,0.0006854908767257998
2023-09-18,0.001833099380867244
2023-09-19,0.00011699346926673715
2023-09-20,-0.0026550983332508573
2023-09-21,-0.003836135698716313
2023-09-22,-0.004719760761671207
2023-09-25,-0.005076413171887326
2023-09-26,-0.005776996289080332
2023-09-27,-0.0038597814218171754
2023-09-28,-0.0018709860077702814
2023-09-29,0.0006906708208765189
2023-10-02,0.003779926883151476
2023-10-03,0.004463775790278663
2023-10-04,0.006090032565770046
2023-10-05,0.006691440070769064
2023-10-06,0.007078498979540521
2023-10-09,0.006871143928005908
2023-10-10,0.004477703298804613
2023-10-11,0.002913649758694588
2023-10-12,0.00026228540634632477
2023-10-13,-0.002568861847571201
2023-10-16,-0.0037159966254347076
2023-10-17,-0.005907900066138264
2023-10-18,-0.006461451125265771
2023-10-19,-0.0056129439176630025
2023-10-20,-0.005989585040168822
2023-10-23,-0.006117118174567896
2023-10-24,-0.006386735071331584
2023-10-25,-0.006673335945965395
2023-10-26,-0.005221331760379413
2023-10-27,-0.00042063674717196845
2023-10-30,0.004711311257696295
2023-10-31,0.008148561868488127
2023-11-01,0.011291252260854916
2023-11-02,0.01145288164733916
2023-11-03,0.009917121675858353
2023-11-06,0.00963080641498564
2023-11-07,0.009142636417845965
2023-11-08,0.007482602530582827
2023-11-09,0.0072557574728271765
2023-11-10,0.007222540856759795
2023-11-13,0.005788801608580552
2023-11-14,0.006322757802911221
2023-11-15,0.006027594247293346
2023-11-16,0.0049236439143308455
2023-11-17,0.004348441833804295
2023-11-20,0.0028083301327658447
2023-11-21,0.0009410550288884881
2023-11-22,-5.900510773174796e-06
2023-11-24,-0.0011678249635890877
2023-11-27,-0.0012666196772956255
2023-11-28,-0.00024664728410820014
2023-11-29,-0.0004871548189220816
2023-11-30,0.0014724345090345189
2023-12-01,0.002254030453304444
2023-12-04,0.002760830871196807
2023-12-05,0.005118458598840639
2023-12-06,0.0037182787066693136
2023-12-07,0.003715193032479594
2023-12-08,0.003908702770319556
2023-12-11,0.002632095290697207
2023-12-12,0.004114113096555195
2023-12-13,0.003719813998479639
2023-12-14,0.00222094471020957
2023-12-15,0.00041571758733006286
2023-12-18,-0.0019096840834403757
2023-12-19,-0.0030222347950609883
2023-12-20,-0.003946234443788557
2023-12-21,-0.0034440737075793386
2023-12-22,-0.002877216493260526
2023-12-26,-0.002488667724792963
2023-12-27,-0.0036880436577967756
2023-12-28,-0.006095104876706633
2023-12-29,-0.009627144498064002
2024-01-02,-0.013078317912128653
2024-01-03,-0.010659007926520504
2024-01-04,-0.007409508723769577
2024-01-05,-0.002069872827002269
2024-01-08,0.003230744095436282
2024-01-09,0.0033788117686370696
2024-01-10,0.0025658252019800445
2024-01-11,-7.711098417444379e-05
2024-01-12,-0.0005646931251192626
2024-01-16,0.0011819622697113443
2024-01-17,0.005091784001437776
2024-01-18,0.010417887905606597
2024-01-19,0.011317701905591221
2024-01-22,0.010295721072119908
2024-01-23,0.006422074524169689
2024-01-24,0.0011708190505272937
2024-01-25,-0.002855558120311232
2024-01-26,-0.006928030575969971
2024-01-29,-0.00828492979793392
2024-01-30,-0.009117072119508789
2024-01-31,-0.007125758351748727
2024-02-01,-0.0022599759347959885
2024-02-02,0.00041972427836530597
2024-02-05,0.0031916684060855627
2024-02-06,0.0037795741743435005
2024-02-07,0.0015062355033489563
2024-02-08,-0.0007200923555108192
2024-02-09,-0.002865071535092788
2024-02-12,-0.005006859942641895
2024-02-13,-0.0060102482786711705
2024-02-14,-0.005817684531426377
2024-02-15,-0.00512208195217647
2024-02-16,-0.0032752982217510327
2024-02-20,-0.0015657391991360007
2024-02-21,-0.000516969970763194
2024-02-22,0.00021340687719564975
2024-02-23,-0.0009678336637709256
2024-02-26,-0.001648840415503032
2024-02-27,-0.0020306477311861568
2024-02-28,-0.004768390471505782
2024-02-29,-0.007779702558457002
2024-03-01,-0.01132730012615588
2024-03-04,-0.01463061589282758
2024-03-05,-0.013578671464391113
2024-03-06,-0.008600400135127417
2024-03-07,-0.002943007019365376
2024-03-08,0.0016627633995806813
2024-03-11,0.004067898879628333
2024-03-12,0.003062003498493801
2024-03-13,0.0017378059572268068
2024-03-14,0.0027371855560981823
2024-03-15,0.003927231126658589
2024-03-18,0.0035200460580392893
2024-03-19,0.0028232714450905955
2024-03-20,-0.0008434422153380239
2024-03-21,-0.006074581411198881
2024-03-22,-0.004916777139376568
2024-03-25,-0.0046874496312488256
2024-03-26,-0.003103608955050569
2024-03-27,-0.00020926589032568127
2024-03-28,-0.0022468560193159566
2024-04-01,-0.002933043462716319
2024-04-02,-0.0027979842502710633
2024-04-03,-0.0026212780485887818
2024-04-04,-0.0012798845527271128
2024-04-05,-0.0006890095632226377
2024-04-08,0.0014572284571482187
2024-04-09,0.004537081796080433
2024-04-10,0.0056323652549430635
2024-04-11,0.006611773636606439
2024-04-12,0.0020655078415052876
2024-04-15,-0.004330499444238389
2024-04-16,-0.008280183302265322
2024-04-17,-0.01019344263225169
2024-04-18,-0.008038351515092215
2024-04-19,-0.003841178317146851
2024-04-22,0.0008312005433839502
2024-04-23,0.00344181740384037
2024-04-24,0.006276299592551065
2024-04-25,0.00602235253058597
2024-04-26,0.003979575988192425
2024-04-29,0.004051076674266907
2024-04-30,0.0050885994086077935
2024-05-01,0.008648203868475788
2024-05-02,0.013523740598408572
2024-05-03,0.015574163384283647
2024-05-06,0.012517001360768946
2024-05-07,0.009018775221946914
2024-05-08,0.005760937539991951
2024-05-09,0.004016987037300682
2024-05-10,0.005417453807603632
2024-05-13,0.007149920332607508
2024-05-14,0.006942689491186932
2024-05-15,0.006466502993203326
2024-05-16,0.005522220237102751
2024-05-17,0.003593838442834738
2024-05-20,0.00140873597741405
2024-05-21,-0.0001313467813660382
2024-05-22,-0.001763382302350726
2024-05-23,-0.0023114155083447073
2024-05-24,0.00013838797904098762
2024-05-28,0.0012284986540614634
2024-05-29,0.0033151586375369827
2024-05-30,0.004834654150905565
2024-05-31,0.004855702598230545
2024-06-03,0.004834141242890664
2024-06-04,0.004433588827196333
2024-06-05,0.0027173153749014884
2024-06-06,0.004738020475095651
2024-06-07,0.00972293274054694
2024-06-10,0.01224696975031102
2024-06-11,0.02229704227208234
2024-06-12,0.01976616217083125
2024-06-13,0.014417295340198505
2024-06-14,0.0077944228018664834
2024-06-17,0.0003322375538586128
2024-06-18,-0.004986319787830751
2024-06-20,-0.006884477724115413
2024-06-21,-0.00448466969711595
2024-06-24,-0.0010364331269634183
2024-06-25,0.002214132731933695
2024-06-26,0.006010156149874539
2024-06-27,0.006979303157793564
2024-06-28,0.00715712401628972
2024-07-01,0.01091576646774484
2024-07-02,0.011774262456349457
2024-07-03,0.012091800799581713
2024-07-05,0.013097998106617895
2024-07-08,0.00893779621305682
2024-07-09,0.006566364960769826
2024-07-10,0.005768605718044952
2024-07-11,0.0031162620024697326
2024-07-12,0.003136287325778295
2024-07-15,0.0006460753923129565
2024-07-16,-0.0036480192954568766
2024-07-17,-0.007099189734178784
2024-07-18,-0.008523757872018915
2024-07-19,-0.00836783857846482
2024-07-22,-0.0075475844854451515
2024-07-23,-0.006285328406080176
2024-07-24,-0.007128843649938021
2024-07-25,-0.005462012635882307
2024-07-26,-0.0022269582889555815
2024-07-29,-0.00041513138964529325
2024-07-30,0.0019564222649332322
2024-07-31,-0.0009011855553203814
2024-08-01,-0.006532015022251539
2024-08-02,-0.00914003548388994
2024-08-05,-0.011492528959804515
2024-08-06,-0.006661509817324458
2024-08-07,0.0007680331390825135
2024-08-08,0.006654619570431966
2024-08-09,0.01103399110781923
2024-08-12,0.011462708411085149
2024-08-13,0.01075991181387293
2024-08-14,0.008658290061607623
2024-08-15,0.007505052097411402
2024-08-16,0.005494118095030832
2024-08-19,0.0026712156481770626
2024-08-20,0.0016419749440424252
2024-08-21,0.0004907140597221436
2024-08-22,0.00047357228028394364
2024-08-23,0.0014384743909184505
2024-08-26,0.0019837435026348505
2024-08-27,0.0022978541230140193
2024-08-28,0.00039090519475123726
2024-08-29,-0.0017283803852709949
2024-08-30,-0.004584573790631989
2024-09-03,-0.007356660577339878
2024-09-04,-0.0064221063653178085
2024-09-05,-0.005055809292740127
2024-09-06,-0.002928531137523288
2024-09-09,-0.00010565716070093758
2024-09-10,0.0008665970801161628
2024-09-11,-9.168694774924486e-06
2024-09-12,-0.0017576164571591999
2024-09-13,-0.002893422873036294
2024-09-16,-0.0015774597416122308
2024-09-17,0.0028495493490768454
2024-09-18,0.007249567326472084
2024-09-19,0.009699607268115903
2024-09-20,0.007248960089336946
2024-09-23,0.003720968622747395
2024-09-24,0.0013539799423394944
2024-09-25,0.0010189900780862879
2024-09-26,0.0016612619858278066
2024-09-27,0.001644169798059531
2024-09-30,0.0006965386556774868
2024-10-01,-0.0025178194925218143
2024-10-02,-0.0037351164440601395
2024-10-03,-0.003810478296327433
2024-10-04,-0.0021633485196776263
2024-10-07,0.0001365224715289184
2024-10-08,0.003028625656353463
2024-10-09,0.004820021005684651
2024-10-10,0.004919963136387539
2024-10-11,0.005048955864200989
2024-10-14,0.004669192918314358
2024-10-15,0.004148637479752264
2024-10-16,0.0036849504594121635
2024-10-17,0.0040323221452410515
2024-10-18,0.0024061210407128005
2024-10-21,0.00022481734751276863
2024-10-22,-0.0018286949404458445
2024-10-23,-0.0035746107129348073
2024-10-24,-0.0024160396758145814
2024-10-25,-0.0013541345494272445
2024-10-28,-0.0015030012047213067
2024-10-29,-0.0037218000792046133
2024-10-30,-0.0077042384692401576
2024-10-31,-0.009409609237667633
2024-11-01,-0.00879504030182867
2024-11-04,-0.0046525590516779325
2024-11-05,-6.413015237243793e-06
2024-11-06,0.0021130073032288943
2024-11-07,0.0034928680841302137
2024-11-08,0.0016414127111124947
2024-11-11,0.000540494653532807
2024-11-12,0.0004682348802380255
2024-11-13,0.0010247740727285194
2024-11-14,0.002479058303110451
2024-11-15,0.002346285958856907
2024-11-18,0.0031022363631571888
2024-11-19,0.0025597004719160573
2024-11-20,0.0029327001201882447
2024-11-21,0.004351879329522451
2024-11-22,0.005110654059285783
2024-11-25,0.006601722646531983
2024-11-26,0.007135558047431352
2024-11-27,0.007489340415032283
2024-11-29,0.007873794718093678
2024-12-02,0.007363596911022746
2024-12-03,0.006427654443014127
2024-12-04,0.005488673171263495
2024-12-05,0.004587632932456894
2024-12-06,0.003982692406199145
2024-12-09,0.004444630053804126
2024-12-10,0.0037459803860328445
2024-12-11,0.0033530378352297696
2024-12-12,0.004219788090577789
2024-12-13,0.0029384244517632377
2024-12-16,0.0030065771492618627
2024-12-17,0.0030402020882734503
2024-12-18,0.0017322951554156873
2024-12-19,0.0042161228867945945
2024-12-20,0.00527163100339407
2024-12-23,0.002939713949473201
2024-12-24,0.000835695951215793
