Date,Log_Return
2015-01-02,0.006651380587294508
2015-01-05,-0.009238384267241365
2015-01-06,-0.014785963448486424
2015-01-07,0.012625115595812319
2015-01-08,0.028994035404331684
2015-01-09,-0.008440796780138472
2015-01-12,-0.012581758510158731
2015-01-13,-0.005163614959051423
2015-01-14,-0.00866494394395408
2015-01-15,-0.010499163113920107
2015-01-16,0.016572749449594804
2015-01-20,0.003238437996158537
2015-01-21,-0.010183226744394366
2015-01-22,0.026009374865500003
2015-01-23,0.0010599964617292363
2015-01-26,-0.003609626855138101
2015-01-27,-0.0970984160945808
2015-01-28,-0.03506636589024714
2015-01-29,0.019712148027983357
2015-01-30,-0.03907774566951974
2015-02-02,0.021548167571989883
2015-02-03,0.007721967018283482
2015-02-04,0.005752967638053666
2015-02-05,0.014474158918016919
2015-02-06,-0.0009426402962191716
2015-02-09,-0.0011803421727595838
2015-02-10,0.005650043248018259
2015-02-11,-0.005177317580448423
2015-02-12,0.016614034840495034
2015-02-13,0.01793982186843451
2015-02-17,0.0004591041604728464
2015-02-18,-0.0011481558494478422
2015-02-19,-0.0006895268086058918
2015-02-20,0.008241893605151302
2015-02-23,0.0065901205228258075
2015-02-24,-0.0013598417573970577
2015-02-25,-0.0022706211088451824
2015-02-26,0.0015901571595543626
2015-02-27,-0.0047777740009017355
2015-03-02,0.0006838227951140503
2015-03-03,-0.013767739953637866
2015-03-04,-0.005096127513365933
2015-03-05,0.001159960258233348
2015-03-06,-0.017550139411742337
2015-03-09,0.011501280940065212
2015-03-10,-0.019322447563429573
2015-03-11,-0.0011899955208810786
2015-03-12,-0.02313370253242813
2015-03-13,0.008738013426903701
2015-03-16,0.004340753621842816
2015-03-17,0.0033628557511506765
2015-03-18,0.019002901827949052
2015-03-19,-0.004953476959027025
2015-03-20,0.013854977029027044
2015-03-23,-0.0004667040963013489
2015-03-24,0.0009328803212150869
2015-03-25,-0.034142660874141605
2015-03-26,-0.0060479389015302785
2015-03-27,-0.005841131041419735
2015-03-30,-0.00024393295396923876
2015-03-31,-0.0073513588447218165
2015-04-01,0.0014745797400820596
2015-04-02,-0.010615782932570561
2015-04-06,0.03079378867645173
2015-04-07,-0.0004811128598194125
2015-04-08,-0.0026523007631107163
2015-04-09,0.0014472218466174739
2015-04-10,0.0057693091020695345
2015-04-13,0.0009582529545400676
2015-04-14,-0.0026374615867930406
2015-04-15,0.01453972834341911
2015-04-16,-0.0023691682477256985
2015-04-17,-0.012891008903698504
2015-04-20,0.03052408725167721
2015-04-21,-0.0063123943756752685
2015-04-22,0.008175217578628654
2015-04-23,0.008108515637859947
2015-04-24,0.09941269149833752
2015-04-27,0.003336693962909694
2015-04-28,0.023254326409742336
2015-04-29,-0.0020359366939597173
2015-04-30,-0.00859789302766964
2015-05-01,0.00041116487324051695
2015-05-04,-0.00866887778562297
2015-05-05,-0.01335587369777813
2015-05-06,-0.028122593067497287
2015-05-07,0.009034167498361678
2015-05-08,0.02223476531009561
2015-05-11,-0.007989911832831811
2015-05-12,-0.0004220832874089641
2015-05-13,0.005896274500467753
2015-05-14,0.0226265225783454
2015-05-15,-0.008658062743114541
2015-05-18,-0.006022363492174102
2015-05-19,-0.0025187499603014276
2015-05-20,0.0
2015-05-21,-0.003368727982619259
2015-05-22,-0.011026467084318264
2015-05-26,-0.0066312633342956685
2015-05-27,0.02165669462178919
2015-05-28,-0.003366137633291739
2015-05-29,-0.01251242510519577
2015-06-01,0.00786513820096309
2015-06-02,-0.0065854320513851075
2015-06-03,-0.001492820608460673
2015-06-04,-0.010514513379411424
2015-06-05,-0.004756337637460912
2015-06-08,-0.00892570346370002
2015-06-09,-0.0017509919083131442
2015-06-10,0.020811373924202955
2015-06-11,-0.0036541415622227554
2015-06-12,-0.010171681606566606
2015-06-15,-0.01071648662175574
2015-06-16,0.007665908201181681
2015-06-17,0.0030505784205738717
2015-06-18,0.01618321661289327
2015-06-19,-0.013359739651580008
2015-06-22,0.0028160039807321037
2015-06-23,-0.006945554088801994
2015-06-24,-0.005898531123611165
2015-06-25,0.0002190535149543047
2015-06-26,-0.008580207822619729
2015-06-29,-0.019859950504889933
2015-06-30,-0.004970489085551344
2015-07-01,0.006771948908597872
2015-07-02,-0.0011252466879880629
2015-07-06,-0.00022551902723766477
2015-07-07,-0.0020293768655270192
2015-07-08,-0.0013555415376911004
2015-07-09,0.00630943982607621
2015-07-10,0.0020196548633799037
2015-07-13,0.02063276577747596
2015-07-14,0.0017550244156420557
2015-07-15,0.0030643099373254302
2015-07-16,0.019476672974170193
2015-07-17,-0.000857237837341329
2015-07-20,0.00641411966352489
2015-07-21,0.007643383399724418
2015-07-22,-0.037496272553045565
2015-07-23,0.01243870462068505
2015-07-24,-0.003693455054306847
2015-07-27,-0.012926170981029158
2015-07-28,-0.00022069714634680181
2015-07-29,0.020736306646399413
2015-07-30,0.012665339620200486
2015-07-31,-0.003846667520264916
2015-08-03,0.0023520074125784217
2015-08-04,0.015475023236415041
2015-08-05,0.0008411186873443463
2015-08-06,-0.020382740031878517
2015-08-07,0.002570454888548353
2015-08-10,0.012544346969112805
2015-08-11,-0.01962974653390075
2015-08-12,0.007085399564787906
2015-08-13,-0.00021385023568722128
2015-08-14,0.005761152643607268
2015-08-17,0.006785394840223973
2015-08-18,0.005515614741580824
2015-08-19,-0.014060812031262552
2015-08-20,-0.02059221013909609
2015-08-21,-0.05839650096355665
2015-08-24,-0.03280498137557276
2015-08-25,-0.029460387792572883
2015-08-26,0.05387209694033044
2015-08-27,0.027481339432428007
2015-08-28,0.0006830600677548858
2015-08-31,-0.009376788279119398
2015-09-01,-0.03984588155897383
2015-09-02,0.036162551882552435
2015-09-03,0.003223516346491575
2015-09-04,-0.02067236716237333
2015-09-08,0.029598018548129434
2015-09-09,-0.018860177049074577
2015-09-10,0.005095295540962101
2015-09-11,0.004379205266862395
2015-09-14,-0.010170899739849824
2015-09-15,0.021604923847943085
2015-09-16,0.007249759468120236
2015-09-17,-0.0011293748279217755
2015-09-18,-0.01755440874829175
2015-09-21,0.014385416278258826
2015-09-22,-0.004771849881470367
2015-09-23,-0.0006835269577431197
2015-09-24,0.0009109663949967994
2015-09-25,0.000683104045644519
2015-09-28,-0.014903315146549044
2015-09-29,0.0034589233111879635
2015-09-30,0.018700727077989414
2015-10-01,0.00787670451756069
2015-10-02,0.02129165575613993
2015-10-05,0.022994356509357137
2015-10-06,0.002570227411411677
2015-10-07,0.0010688255337315124
2015-10-08,0.013793424644581914
2015-10-09,-0.007190968231928652
2015-10-12,-0.0023379827922550074
2015-10-13,-0.0023432750422505933
2015-10-14,-0.004488583021820849
2015-10-15,0.007044763426765894
2015-10-16,0.010579684168505734
2015-10-19,0.0023125468540002494
2015-10-20,0.003145179116732297
2015-10-21,-0.012003950420732306
2015-10-22,0.01743168664398779
2015-10-23,0.09601069668562193
2015-10-26,0.025766198468827373
2015-10-27,-0.010375616186562681
2015-10-28,0.005386555158516087
2015-10-29,-0.01155195140466507
2015-10-30,-0.013585219200661509
2015-11-02,0.011333656836018018
2015-11-03,0.016947684357047847
2015-11-04,0.004606624470892853
2015-11-05,-0.0003680752663306554
2015-11-06,0.009881379922782508
2015-11-09,-0.013934729113832813
2015-11-10,-0.012074327110930507
2015-11-11,0.0026130277836128105
2015-11-12,-0.006170336110397819
2015-11-13,-0.00904256411542983
2015-11-16,0.017446949166615294
2015-11-17,-0.008272370494911132
2015-11-18,0.01647678919512851
2015-11-19,0.0016700021365500417
2015-11-20,0.0046239582083655185
2015-11-23,0.0
2015-11-24,0.0011062871579866993
2015-11-25,-0.010375602934669501
2015-11-27,0.004459840889525491
2015-11-30,0.007757738696172399
2015-12-01,0.015880741433452514
2015-12-02,-0.00018129476010143544
2015-12-03,-0.018463003586890174
2015-12-04,0.031062166358477566
2015-12-07,-0.0017903021157546922
2015-12-08,-0.00035816476944012995
2015-12-09,-0.014625459936290176
2015-12-10,0.005261017121241653
2015-12-11,-0.02213560852412867
2015-12-14,0.019780711661428155
2015-12-15,0.001087788817883268
2015-12-16,0.016707467376557
2015-12-17,-0.0076904964792117135
2015-12-18,-0.02859133879107909
2015-12-21,0.012848611491013111
2015-12-22,0.009439159336186867
2015-12-23,0.008455580691571851
2015-12-24,-0.0026906817238643243
2015-12-28,0.005016924658154897
2015-12-29,0.010666737911601476
2015-12-30,-0.0042531595284201204
2015-12-31,-0.014849429097636271
2016-01-04,-0.012332350803660262
2016-01-05,0.004551557502453084
2016-01-06,-0.018332268298075882
2016-01-07,-0.03540205968938011
2016-01-08,0.003062660551530654
2016-01-11,-0.0005734516806343638
2016-01-12,0.009135832782316188
2016-01-13,-0.0218358590683433
2016-01-14,0.028068870753618577
2016-01-15,-0.04073609926115551
2016-01-19,-0.008468422548312479
2016-01-20,0.00453863977333217
2016-01-21,-0.006122580010832499
2016-01-22,0.03522819987709544
2016-01-25,-0.009608333416192745
2016-01-26,0.007310542247577902
2016-01-27,-0.01837742319576446
2016-01-28,0.016266890940402078
2016-01-29,0.05657139600734978
2016-02-01,-0.0069217068859694295
2016-02-02,-0.03175456976413557
2016-02-03,-0.015975898345977613
2016-02-04,-0.0030723234476760244
2016-02-05,-0.036025922952960546
2016-02-08,-0.015064866554378565
2016-02-09,-0.002634465949496354
2016-02-10,0.008687603738856029
2016-02-11,-0.0004023870821109317
2016-02-12,0.01616961427373297
2016-02-16,0.01876977906371882
2016-02-17,0.025699384744479643
2016-02-18,-0.00439755154420876
2016-02-19,-0.007114714174085915
2016-02-22,0.015890481438371778
2016-02-23,-0.028317680728152755
2016-02-24,0.0035109950021803378
2016-02-25,0.014305086464679408
2016-02-26,-0.01547399288310682
2016-02-29,-0.008220912443084597
2016-03-01,0.03286585369425454
2016-03-02,0.007012398408160176
2016-03-03,-0.01139604431400436
2016-03-04,-0.006131761457463732
2016-03-07,-0.0194064605164044
2016-03-08,0.012076212204795588
2016-03-09,0.022778531222997958
2016-03-10,-0.015063990988164484
2016-03-11,0.019407074364742746
2016-03-14,0.001882475547649824
2016-03-15,0.00786831340811009
2016-03-16,0.014082147715079353
2016-03-17,0.005687629076591208
2016-03-18,-0.021637807627376292
2016-03-21,0.006893671629277142
2016-03-22,0.0038913734911377286
2016-03-23,-0.0018513522657221746
2016-03-24,0.00443737326790965
2016-03-28,-0.012436251631566789
2016-03-29,0.02161709646808048
2016-03-30,0.0061953782300834745
2016-03-31,0.0032643409103017104
2016-04-01,0.006137382034997864
2016-04-04,-0.0025224184688278804
2016-04-05,-0.015820215475479155
2016-04-06,0.010211660833539611
2016-04-07,-0.012046054169850063
2016-04-08,-0.0007345419000099824
2016-04-11,-0.0020236114415923506
2016-04-12,0.0062408655302484475
2016-04-13,0.012727541375934919
2016-04-14,0.00018040506953630655
2016-04-15,0.005225009923102033
2016-04-18,0.014450067999220299
2016-04-19,-0.0012404186417024998
2016-04-20,-0.014288552734758184
2016-04-21,0.003412116015945238
2016-04-22,-0.07441172534623179
2016-04-25,0.006353100146480706
2016-04-26,-0.012940601203159608
2016-04-27,-0.009767660566056883
2016-04-28,-0.02062751211033004
2016-04-29,-0.0006015127317352066
2016-05-02,0.014729701730899273
2016-05-03,-0.016536153689693973
2016-05-04,0.0018064519587946935
2016-05-05,0.001402823204737466
2016-05-06,0.008970495534434223
2016-05-09,-0.006371114827375312
2016-05-10,0.01879586570816314
2016-05-11,0.0005877893781895695
2016-05-12,0.008970779032141914
2016-05-13,-0.008383334947355428
2016-05-16,0.01457638810514704
2016-05-17,-0.018827832795475227
2016-05-18,0.005921676868560843
2016-05-19,-0.009690316359166921
2016-05-20,0.005944308117681123
2016-05-23,-0.011724122514285638
2016-05-24,0.030705076633882146
2016-05-25,0.010220854282602424
2016-05-26,-0.004422620179525025
2016-05-27,0.008252627208730448
2016-05-31,0.012913040962205217
2016-06-01,-0.0028341591424018804
2016-06-02,-0.007025680681209634
2016-06-03,-0.013234867551680681
2016-06-06,0.006543557871240231
2016-06-07,-0.0005759705594020895
2016-06-08,-0.0011521958062431826
2016-06-09,-0.00810342219769219
2016-06-10,-0.0027157157578933176
2016-06-13,-0.026374347635861245
2016-06-14,-0.0062015872855561375
2016-06-15,-0.0028136653439031936
2016-06-16,0.013988715466885333
2016-06-17,-0.005172892820674554
2016-06-20,-0.0011975871004063954
2016-06-21,0.022122071485530536
2016-06-22,-0.00391455130717675
2016-06-23,0.017881925819248426
2016-06-24,-0.040894016199503495
2016-06-27,-0.028498144392107693
2016-06-28,0.020640431099875275
2016-06-29,0.02200550333105763
2016-06-30,0.012388135638965158
2016-07-01,-0.00019533146139240858
2016-07-05,0.00019533146139235532
2016-07-06,0.004095591581399372
2016-07-07,0.0
2016-07-08,0.017747144940770933
2016-07-11,0.005529807517947244
2016-07-12,0.0117205372829864
2016-07-13,0.0056219592893086085
2016-07-14,0.004289333374029717
2016-07-15,-0.0007450428955783298
2016-07-18,0.004830383192904755
2016-07-19,-0.01625436103673614
2016-07-20,0.051754599615227645
2016-07-21,-0.0019696122446657745
2016-07-22,0.013705143380648441
2016-07-25,0.0028243701864036296
2016-07-26,0.0005288241183918687
2016-07-27,-0.010093351736037657
2016-07-28,0.00035581577205325845
2016-07-29,0.00832656509685064
2016-08-01,-0.0017654948217998782
2016-08-02,0.0
2016-08-03,0.006869446459835075
2016-08-04,0.007344998507501201
2016-08-05,0.009883121045523097
2016-08-08,0.0017238646380794947
2016-08-09,0.002408458364247461
2016-08-10,-0.0030978989042645877
2016-08-11,0.004814440148208154
2016-08-12,-0.006194008865845965
2016-08-15,0.0031016526043134525
2016-08-16,-0.005555425387724511
2016-08-17,0.0020869676923127908
2016-08-18,0.0006945658532417316
2016-08-19,0.00034717605103204137
2016-08-22,0.0008674870541076884
2016-08-23,0.0038074099180009087
2016-08-24,0.0010359537614932797
2016-08-25,0.0037894148884328733
2016-08-26,-0.0024098839444881967
2016-08-29,0.001205594576762643
2016-08-30,-0.0036210792822005274
2016-08-31,-0.007455537814593927
2016-09-01,0.0022600535182948334
2016-09-02,0.0013880743782982991
2016-09-06,-0.0010410600132223522
2016-09-07,0.000867785369190574
2016-09-08,-0.003996742149100607
2016-09-09,-0.0214723284210045
2016-09-12,0.014833097939144597
2016-09-13,-0.009156452427267077
2016-09-14,-0.004787559292800096
2016-09-15,0.016395316498188664
2016-09-16,0.0010486268284620468
2016-09-19,-0.005605351370926592
2016-09-20,-0.0021099369141264848
2016-09-21,0.016583758920897876
2016-09-22,0.0010382105667060986
2016-09-23,-0.006767382327274629
2016-09-26,-0.009271848310071605
2016-09-27,0.01828522878269819
2016-09-28,0.001379530943944564
2016-09-29,-0.010915666681130696
2016-09-30,0.0034781089525524693
2016-10-03,-0.0031300203192897217
2016-10-04,-0.003139550356697101
2016-10-05,0.006963802288670363
2016-10-06,0.001733620980903716
2016-10-07,0.0010384221903211573
2016-10-10,0.00414381999522687
2016-10-11,-0.014753374170866286
2016-10-12,-0.0014001056448239794
2016-10-13,-0.003332220894445483
2016-10-14,0.008745585611710778
2016-10-17,-0.003488733740188393
2016-10-18,0.007660142520585887
2016-10-19,-0.002257380638155762
2016-10-20,-0.004878660386221155
2016-10-21,0.041234194936140806
2016-10-24,0.022211712624362626
2016-10-25,-0.00016374494219101288
2016-10-26,-0.00592019585091722
2016-10-27,-0.008779981652933805
2016-10-28,-0.003834096547137762
2016-10-31,0.0008346146133117078
2016-11-01,-0.0020046170832243916
2016-11-02,-0.006206118277705379
2016-11-03,-0.003709211564861341
2016-11-04,-0.008480504397798422
2016-11-07,0.028710270889919672
2016-11-08,0.0008272318556782799
2016-11-09,-0.004973474618587383
2016-11-10,-0.024734087952115107
2016-11-11,0.005436717507401107
2016-11-14,-0.01536700912125255
2016-11-15,0.019555048513202763
2016-11-16,0.013162435736978891
2016-11-17,0.016460578819587984
2016-11-18,-0.004793721740899373
2016-11-21,0.008415145013492172
2016-11-22,0.004262879213945271
2016-11-23,-0.011849712579292992
2016-11-25,0.002149803499072163
2016-11-28,0.0013209203417992492
2016-11-29,0.00788811908063844
2016-11-30,-0.01367957981616628
2016-12-01,-0.01774702548210925
2016-12-02,0.0008442525443853681
2016-12-05,0.016238765018300228
2016-12-06,-0.004493605413632602
2016-12-07,0.02340996654762771
2016-12-08,-0.00588323897586046
2016-12-09,0.015612755175988362
2016-12-12,0.0032218176853482184
2016-12-13,0.012944884623038637
2016-12-14,-0.004774745285995266
2016-12-15,-0.00159670658859673
2016-12-16,-0.004484430231420808
2016-12-19,0.02096664558110732
2016-12-20,-0.0012582523284722408
2016-12-21,0.0
2016-12-22,0.0001571850034091601
2016-12-23,-0.004889748608087385
2016-12-27,0.0006323753779976882
2016-12-28,-0.004593270033513803
2016-12-29,-0.0014299651938245194
2016-12-30,-0.012156345349693417
2017-01-03,0.007055805782498087
2017-01-04,-0.004484430231420808
2017-01-05,0.0
2017-01-06,0.008630522404206635
2017-01-09,-0.003187681236298043
2017-01-10,-0.00031943584941231107
2017-01-11,0.009061392334304487
2017-01-12,-0.009220776740425617
2017-01-13,0.0014361785171026155
2017-01-17,-0.0027152826179823635
2017-01-18,-0.00047959521026179943
2017-01-19,-0.0032053216012336463
2017-01-20,0.0070380868662392616
2017-01-23,0.003500420225532062
2017-01-24,0.008855042233178416
2017-01-25,0.0025156479224924377
2017-01-26,0.009222364776246949
2017-01-27,0.02322290365223637
2017-01-30,-0.009930674923619319
2017-01-31,-0.007397007823125089
2017-02-01,-0.016688999045315633
2017-02-02,-0.006469641316374819
2017-02-03,0.00804105467995153
2017-02-06,-0.0006282025513203108
2017-02-07,-0.0033054043029871363
2017-02-08,-0.001419771936559096
2017-02-09,0.011303056883165507
2017-02-10,-0.0009371562075401145
2017-02-13,0.011187276038427254
2017-02-14,0.0037237553549792665
2017-02-15,-0.0006196528825772329
2017-02-16,-0.00015510363858657484
2017-02-17,0.0015487830570439364
2017-02-21,-0.002013781741187257
2017-02-22,-0.002017714514210091
2017-02-23,0.004031496255397394
2017-02-24,0.0
2017-02-27,-0.006053486663182782
2017-02-28,-0.0038999163175236604
2017-03-01,0.014893295151654558
2017-03-02,-0.014424327841400384
2017-03-03,0.003742205068118332
2017-03-06,0.00031129012199192333
2017-03-07,0.0020207332876987405
2017-03-08,0.009119846943895874
2017-03-09,-0.0040086273687470085
2017-03-10,0.003084949851914487
2017-03-13,-0.0033942224553623044
2017-03-14,-0.004646554373033826
2017-03-15,0.005264744078299026
2017-03-16,-0.001700291301905872
2017-03-17,0.003551598015418742
2017-03-20,0.0009247260365841355
2017-03-21,-0.011150801868951978
2017-03-22,0.012689682930490937
2017-03-23,-0.002463607098123263
2017-03-24,0.0016947215485002699
2017-03-27,0.0018446949729527106
2017-03-28,0.0029143623609987753
2017-03-29,0.0027532331216537243
2017-03-30,0.003659161441459417
2017-03-31,0.002279947653514737
2017-04-03,-0.004718028647123594
2017-04-04,0.0027422635833447362
2017-04-05,-0.002589596956232671
2017-04-06,0.0025895969562326673
2017-04-07,-0.0007610143357423623
2017-04-10,-0.00228645984961797
2017-04-11,-0.0007632094391906199
2017-04-12,-0.003825518469187929
2017-04-13,-0.004301397411604405
2017-04-17,0.008126915880792306
2017-04-18,-0.0013754267186313052
2017-04-19,-0.005366815975492292
2017-04-20,0.00704768628908021
2017-04-21,0.01364681518000522
2017-04-24,0.016874982912296516
2017-04-25,0.005758581411570337
2017-04-26,-0.0013260442417176214
2017-04-27,0.006465814292597473
2017-04-28,0.002779411268138408
2017-05-01,0.01378131667440287
2017-05-02,-0.0015859869725362852
2017-05-03,-0.003179661810422268
2017-05-04,-0.003916703499286986
2017-05-05,0.002757752036502515
2017-05-08,-0.0008699128385082483
2017-05-09,0.0014496173992491527
2017-05-10,0.003903314723418191
2017-05-11,-0.012339735712819022
2017-05-12,-0.0011695150883336831
2017-05-15,0.0007312224679861358
2017-05-16,0.019935049686175616
2017-05-17,-0.028199576371948105
2017-05-18,0.003402540516666417
2017-05-19,-0.00029570409392452315
2017-05-22,0.011165163620693398
2017-05-23,0.003354587835401485
2017-05-24,0.0013093616896782867
2017-05-25,0.012284506271910169
2017-05-26,0.004872179971407829
2017-05-30,0.0064113543763145795
2017-05-31,-0.008128660788205011
2017-06-01,0.0037163345615850952
2017-06-02,0.02340425990053957
2017-06-05,0.007219965331970351
2017-06-06,0.003315323498571369
2017-06-07,-0.0017944935055222123
2017-06-08,-0.006096665600809066
2017-06-09,-0.02291532367517802
2017-06-12,-0.007708981082080656
2017-06-13,0.012390636184000598
2017-06-14,-0.005392851379217965
2017-06-15,-0.0052792422259126635
2017-06-16,0.0014295275833173153
2017-06-19,0.012352048504227038
2017-06-20,-0.013638567233676185
2017-06-21,0.005136233372044526
2017-06-22,-0.00014227615802412101
2017-06-23,0.013430531114417606
2017-06-26,-0.009594976035676559
2017-06-27,-0.018892874094089823
2017-06-28,0.00848877888919025
2017-06-29,-0.01894650973980166
2017-06-30,0.006403736550619537
2017-07-03,-0.011086551930840457
2017-07-05,0.0132606940001085
2017-07-06,-0.00741036438407948
2017-07-07,0.012895919634980504
2017-07-10,0.0074585071577796085
2017-07-11,0.00014284537735401997
2017-07-12,0.016437876009686325
2017-07-13,0.008676356188540825
2017-07-14,0.01397453704968368
2017-07-17,0.007801402950843683
2017-07-18,-0.0006818074733102259
2017-07-19,0.007610589454928892
2017-07-20,0.004862273219385272
2017-07-21,-0.0058104070211229845
2017-07-24,-0.002578111692799599
2017-07-25,0.007984353199431825
2017-07-26,-0.001889059409893777
2017-07-27,-0.012091198323412034
2017-07-28,-0.0016416720264759367
2017-07-31,-0.004666304472139047
2017-08-01,-0.001651723185058864
2017-08-02,-0.004418519936913732
2017-08-03,-0.0015234517318681584
2017-08-04,0.007318750515677234
2017-08-07,-0.0038597213698159526
2017-08-08,0.005372187365995731
2017-08-09,-0.004405974926450222
2017-08-10,-0.014734581205679742
2017-08-11,0.01514833718384985
2017-08-14,0.014922398799282007
2017-08-15,0.0002732496975906633
2017-08-16,0.005855751003167802
2017-08-17,-0.017118026182104305
2017-08-18,0.001242493239382026
2017-08-21,-0.004701267900935278
2017-08-22,0.013901759103024765
2017-08-23,-0.006032506477837747
2017-08-24,-0.00041306477881312466
2017-08-25,0.0017872308485354911
2017-08-28,0.00013711856778297703
2017-08-29,0.003016190196110604
2017-08-30,0.013056145380507709
2017-08-31,0.010216519215978158
2017-09-01,-0.011162665288328205
2017-09-05,-0.004473081794246689
2017-09-06,-0.0028568153637273386
2017-09-07,0.012724667825980715
2017-09-08,-0.0048543757412736
2017-09-11,0.01048859844448033
2017-09-12,-0.0010706876420490633
2017-09-13,0.007071734158176323
2017-09-14,-0.005867374599012441
2017-09-15,0.007196076266606293
2017-09-18,-0.0019933276269141127
2017-09-19,0.0037181039249863813
2017-09-20,-0.006649827061279786
2017-09-21,-0.009788792024314511
2017-09-22,0.0026914890273990887
2017-09-25,-0.015575789220333206
2017-09-26,0.0
2017-09-27,0.008021289094281684
2017-09-28,0.00027050697351312526
2017-09-29,0.008358228547796867
2017-10-02,0.0016099174280045931
2017-10-03,-0.0047025103689495645
2017-10-04,0.0057737563481838885
2017-10-05,0.01699280127518621
2017-10-06,0.0003945771376387949
2017-10-09,0.003808639991532924
2017-10-10,0.0
2017-10-11,0.0017024211649861452
2017-10-12,0.009118465344431568
2017-10-13,0.004785841005569646
2017-10-16,0.0020633432224315706
2017-10-17,-0.0007732816939667801
2017-10-18,0.00025746960920483054
2017-10-19,0.003858382680947391
2017-10-20,0.01148546003431513
2017-10-23,0.00025348442238539733
2017-10-24,0.00038079208378825923
2017-10-25,-0.002920860652612929
2017-10-26,0.0016516937683328974
2017-10-27,0.062147162059560654
2017-10-30,0.0009541060277601226
2017-10-31,-0.008499347704971441
2017-11-01,0.0
2017-11-02,0.010404635130272219
2017-11-03,0.0010702670455002806
2017-11-06,0.003914672744041689
2017-11-07,-0.002370959372242462
2017-11-08,0.0034357104934997404
2017-11-09,-0.0055737872837817014
2017-11-10,-0.00261928496879436
2017-11-13,0.000714706631263234
2017-11-14,0.001428674710513667
2017-11-15,-0.007802664116296789
2017-11-16,0.00264776460761058
2017-11-17,-0.009661944728144745
2017-11-20,0.0015768423063255638
2017-11-21,0.014316005117265955
2017-11-22,-0.007313435677174834
2017-11-24,0.0018037700309750304
2017-11-27,0.007299810193952368
2017-11-28,0.011970451061623436
2017-11-29,-0.01831008264823782
2017-11-30,0.009909745198775946
2017-12-01,0.0010688088823580428
2017-12-04,-0.03847071431945443
2017-12-05,0.006270110843087479
2017-12-06,0.014479857082269103
2017-12-07,-0.003509312729319229
2017-12-08,0.02004251060266217
2017-12-11,0.012633916240181968
2017-12-12,0.004098073363270287
2017-12-13,-0.0026911185936339013
2017-12-14,-0.0077629121901249465
2017-12-15,0.02518497674776675
2017-12-18,-0.005426358529357344
2017-12-19,-0.006387502539740586
2017-12-20,-0.003618279019924213
2017-12-21,-0.0002340343578346354
2017-12-22,0.00011687878274607178
2017-12-26,-0.0012872911395321335
2017-12-27,0.0036235482734645373
2017-12-28,0.00011688220499133299
2017-12-29,-0.002102391343209824
2018-01-02,0.004781620099549717
2018-01-03,0.004643040745871284
2018-01-04,0.008762918264051218
2018-01-05,0.012321899273582444
2018-01-08,0.0010201136672393176
2018-01-09,-0.0006795534386223714
2018-01-10,-0.004544584548716675
2018-01-11,0.002955782976071313
2018-01-12,0.017110174790776485
2018-01-16,-0.014049231404591024
2018-01-17,0.02005774827743551
2018-01-18,-0.00044412525650049583
2018-01-19,-0.001110072891201483
2018-01-22,0.017730844559265935
2018-01-23,0.003160773447341293
2018-01-24,-0.0008711546657485586
2018-01-25,0.0055389154441616234
2018-01-26,0.018564005783015692
2018-01-29,-0.001489730006861272
2018-01-30,-0.012643610579769515
2018-01-31,0.024182344594034122
2018-02-01,-0.007925237957671298
2018-02-02,-0.026662233619128648
2018-02-05,-0.04205817638651522
2018-02-06,0.037142738608840035
2018-02-07,-0.01901235952172705
2018-02-08,-0.05269803762498022
2018-02-09,0.036611526784384514
2018-02-12,0.010715605531528803
2018-02-13,0.007823008711705113
2018-02-14,0.015536746791715485
2018-02-15,0.02016730294497551
2018-02-16,-0.007148170632977625
2018-02-20,0.007795526222320275
2018-02-21,-0.013354245242416025
2018-02-22,0.002619680250411411
2018-02-23,0.02508343322390256
2018-02-26,0.014355520709928748
2018-02-27,-0.012868044562278387
2018-02-28,-0.00457533147725033
2018-03-01,-0.00985971197781871
2018-03-02,0.0021519047103130914
2018-03-05,0.0063205284443114155
2018-03-06,-0.003423123078673618
2018-03-07,0.005769834629432921
2018-03-08,0.006054454849572083
2018-03-09,0.022098685971095114
2018-03-12,0.002379519056366155
2018-03-13,-0.024690036454951245
2018-03-14,-0.005949132828399193
2018-03-15,0.003509884473226179
2018-03-16,0.004449619698607352
2018-03-19,-0.01824140565764482
2018-03-20,0.0025802485020907117
2018-03-21,-0.007003689144369045
2018-03-22,-0.029518959227434603
2018-03-23,-0.02949850340434375
2018-03-26,0.07297656960003461
2018-03-27,-0.04704822790309568
2018-03-28,-0.0008944203184579527
2018-03-29,0.020813036376634987
2018-04-02,-0.03059337870361924
2018-04-03,0.01335360112335104
2018-04-04,0.028787036141014626
2018-04-05,0.0005412857193560542
2018-04-06,-0.023548460356459754
2018-04-09,0.005966747927057732
2018-04-10,0.022979758156456313
2018-04-11,-0.011042651189722748
2018-04-12,0.018550800922079475
2018-04-13,-0.005357294191690779
2018-04-16,0.011642050905452974
2018-04-17,0.019975603042895706
2018-04-18,0.003844048114415473
2018-04-19,-0.0034274053485082675
2018-04-20,-0.011616912086301721
2018-04-23,0.0036775171410347
2018-04-24,-0.023665409145242563
2018-04-25,-0.008736508080669796
2018-04-26,0.020904600678789548
2018-04-27,0.016414304278736806
2018-04-30,-0.024295823331395835
2018-05-01,0.015701318458747126
2018-05-02,-0.015808391355090583
2018-05-03,0.005970874653656557
2018-05-04,0.01152057825570557
2018-05-07,0.011077225019828107
2018-05-08,-0.0042702843868136255
2018-05-09,0.011725441436104187
2018-05-10,0.009956383539545532
2018-05-11,-0.002147208904673515
2018-05-14,0.003372142587402338
2018-05-15,-0.007269318723984559
2018-05-16,0.0025769715034776597
2018-05-17,-0.010034904946991736
2018-05-18,0.0018699597512511004
2018-05-21,0.012786505490916186
2018-05-22,-0.001025459036574485
2018-05-23,0.01182736844558132
2018-05-24,-0.0035541614885430325
2018-05-25,0.0005088450953547198
2018-05-29,-0.003564602271128205
2018-05-30,0.009544741775524506
2018-05-31,-0.0011120748541964694
2018-06-01,0.019536695919152587
2018-06-04,0.008693062305097185
2018-06-05,0.005101636024949243
2018-06-06,0.002931347911491836
2018-06-07,-0.015833517012746042
2018-06-08,0.007407087706333261
2018-06-11,-0.005723396608509622
2018-06-12,0.0025696004660121525
2018-06-13,-0.004550712803498958
2018-06-14,0.005636013162872393
2018-06-15,-0.012800872307748653
2018-06-18,0.007263955150192342
2018-06-19,0.0
2018-06-20,0.009964330358803826
2018-06-21,-0.007192080168645548
2018-06-22,-0.00724352736479976
2018-06-25,-0.02032315507265829
2018-06-26,0.006988789450636892
2018-06-27,-0.015665181782902566
2018-06-28,0.011112978563720378
2018-06-29,-0.00020301640849995422
2018-07-02,0.0140976888485583
2018-07-03,-0.00964529453531111
2018-07-05,0.007142109207909378
2018-07-06,0.013936304221900708
2018-07-09,0.006797987413374159
2018-07-10,0.002647154753836073
2018-07-11,-0.0013715809622352742
2018-07-12,0.021439453713259973
2018-07-13,0.011830934032930316
2018-07-16,-0.004944389703164681
2018-07-17,0.009864452648448107
2018-07-18,-0.007864778124600158
2018-07-19,-0.006872975649801843
2018-07-20,0.01775363932554376
2018-07-23,0.015870114678773438
2018-07-24,-0.002875188824458213
2018-07-25,0.029019445159159715
2018-07-26,-0.010977681490224482
2018-07-27,-0.01785596386426023
2018-07-30,-0.021686234089239927
2018-07-31,0.006715865551459157
2018-08-01,0.0018835305809835143
2018-08-02,0.012064664123496261
2018-08-03,0.004359769235147059
2018-08-06,0.0008328129682898432
2018-08-07,0.006912011121245249
2018-08-08,0.005586774858381232
2018-08-09,0.0016427524801756318
2018-08-10,-0.0061280257158220835
2018-08-13,-0.007273900618980065
2018-08-14,0.012398534150526525
2018-08-15,-0.013653391213854242
2018-08-16,-0.00018580530307774762
2018-08-17,-0.0005576991220377487
2018-08-20,-0.006621533314665856
2018-08-21,-0.008362673915346189
2018-08-22,0.010138937790222617
2018-08-23,0.004659325925428206
2018-08-24,0.007779256735561477
2018-08-27,0.01100945476023753
2018-08-28,0.006003826377556098
2018-08-29,0.015836059990645638
2018-08-30,-0.0006251810190209166
2018-08-31,0.003388808203338205
2018-09-04,-0.0055346936581905
2018-09-05,-0.029248242520427823
2018-09-06,0.002301819321837858
2018-09-07,-0.004885836541377047
2018-09-10,0.010754077552673104
2018-09-11,0.016861978017330623
2018-09-12,0.004216204169963365
2018-09-13,0.010684831664562987
2018-09-14,0.004065870194518025
2018-09-17,-0.010908794571548062
2018-09-18,0.009496136019087054
2018-09-19,-0.013427683271967042
2018-09-20,0.016602805516445142
2018-09-21,0.006057144421408129
2018-09-24,0.003581697231012545
2018-09-25,-0.0019202215181813125
2018-09-26,-0.004115057938202161
2018-09-27,0.003765679641926562
2018-09-28,-0.00034971481520838197
2018-10-01,0.010783488782906364
2018-10-02,-0.003986864429973567
2018-10-03,0.00017390120567297283
2018-10-04,-0.020881848256883235
2018-10-05,-0.0058688317084471435
2018-10-08,-0.011480845325359503
2018-10-09,0.012639836972192509
2018-10-10,-0.05587024444264724
2018-10-11,-0.0023578262256698265
2018-10-12,0.03397397159756316
2018-10-15,-0.018142957738846482
2018-10-16,0.03110943217406632
2018-10-17,-0.002616027456629645
2018-10-18,-0.020164054154079205
2018-10-19,0.0014736360196798363
2018-10-22,0.00888739496253127
2018-10-23,-0.01405438523339523
2018-10-24,-0.054951699524854264
2018-10-25,0.05680015723382991
2018-10-26,-0.01245006162384036
2018-10-29,-0.02950749020520151
2018-10-30,-0.0011561355021504325
2018-10-31,0.02925992060606251
2018-11-01,-0.008367392416877192
2018-11-02,0.002263517487810601
2018-11-05,0.012636135115407782
2018-11-06,0.0019516290374262542
2018-11-07,0.03860620272758132
2018-11-08,-0.0018772847439383637
2018-11-09,-0.019700536764583707
2018-11-12,-0.02495055193364001
2018-11-13,0.0006548887601795002
2018-11-14,-0.014282685351973173
2018-11-15,0.021767574737813336
2018-11-16,0.009370628310426591
2018-11-19,-0.034477879669536304
2018-11-20,-0.02820943509741693
2018-11-21,0.013670890606207926
2018-11-23,-0.00038795796045543727
2018-11-26,0.03245484372119999
2018-11-27,0.006273010429853991
2018-11-28,0.03647437224098563
2018-11-29,-0.008404405312345813
2018-11-30,0.006332596329626174
2018-12-03,0.01076311272138107
2018-12-04,-0.03236749816850254
2018-12-06,0.006154948690224407
2018-12-07,-0.04084495898998826
2018-12-10,0.026083150442079817
2018-12-11,0.009251719504976804
2018-12-12,0.0045024113071220435
2018-12-13,0.003386142559520966
2018-12-14,-0.031745606305017306
2018-12-17,-0.030061752292580776
2018-12-18,0.01044202062242079
2018-12-19,-0.00269690106252069
2018-12-20,-0.021248343914260115
2018-12-21,-0.03284560447385142
2018-12-24,-0.042635019467936235
2018-12-26,0.06607797705957523
2018-12-27,0.006146599696225406
2018-12-28,-0.007838779880308545
2018-12-31,0.01168580755761494
2019-01-02,-0.004440286741514659
2019-01-03,-0.03748172999693929
2019-01-04,0.045460025062732515
2019-01-07,0.0012745994783329322
2019-01-08,0.007224532462929765
2019-01-09,0.014198339501008206
2019-01-10,-0.006446465406626551
2019-01-11,-0.007751874094381817
2019-01-14,-0.007322465704756243
2019-01-15,0.028592831132362415
2019-01-16,0.003516921092007957
2019-01-17,0.006997795724878395
2019-01-18,0.01487190637657914
2019-01-22,-0.019026751250671544
2019-01-23,0.009699395601944499
2019-01-24,-0.004791073103332802
2019-01-25,0.009092355337491621
2019-01-28,-0.019694142775285587
2019-01-29,-0.020575778159048746
2019-01-30,0.03287112338909375
2019-01-31,-0.018500528029311118
2019-02-01,-0.015926213932051313
2019-02-04,0.0283924524531025
2019-02-05,0.013899729315839925
2019-02-06,-0.011160701578762682
2019-02-07,-0.007193775998781383
2019-02-08,0.0037926560562535384
2019-02-11,-0.003982636039336896
2019-02-12,0.015461622407092812
2019-02-13,-0.0007485357267618351
2019-02-14,0.0008421870289222942
2019-02-15,0.012272754552489922
2019-02-19,-0.00046263017282127574
2019-02-20,-0.005212621523519635
2019-02-21,0.020872538400573265
2019-02-22,0.014157783792533718
2019-02-25,0.005571498655505081
2019-02-26,0.006876609055065978
2019-02-27,-0.0016923985879056561
2019-02-28,-0.0012490448261266926
2019-03-01,0.0044530395403508645
2019-03-04,-0.0024019789793871455
2019-03-05,-0.0050009639329774485
2019-03-06,0.0004475587450215775
2019-03-07,-0.012244591259289977
2019-03-08,0.0010862471219036203
2019-03-11,0.020776179739890085
2019-03-12,0.006977417268306019
2019-03-13,0.007715247957037702
2019-03-14,0.0007859846521028602
2019-03-15,0.011453303546244985
2019-03-18,0.014219689329726127
2019-03-19,0.0006803997793646216
2019-03-20,-0.0011055917659477063
2019-03-21,0.02271488727921004
2019-03-22,-0.026722160076458588
2019-03-25,0.005197864774370545
2019-03-26,0.002122454331589967
2019-03-27,-0.009715423235465344
2019-03-28,0.0013693035785253668
2019-03-29,0.008600536456253713
2019-04-01,0.009115684379120281
2019-04-02,0.0014271399430343887
2019-04-03,0.0065230381602167445
2019-04-04,-0.0050976604517156705
2019-04-05,0.0044302876443755345
2019-04-08,0.00033353935132375236
2019-04-09,-0.005434407842780439
2019-04-10,0.0076002118754795135
2019-04-11,0.0011640912168321602
2019-04-12,0.005139225628553765
2019-04-15,0.0008266381276805962
2019-04-16,-0.002315935147106091
2019-04-17,0.008246085573699869
2019-04-18,0.013053939785893422
2019-04-22,0.0031564570604199096
2019-04-23,0.013483187796749492
2019-04-24,-0.003433868909543964
2019-04-25,0.03258071012910244
2019-04-26,0.005713506595450821
2019-04-29,-0.00092410065789452
2019-04-30,0.006375635892957554
2019-05-01,-0.021047300167297407
2019-05-02,-0.013144847005250678
2019-05-03,0.021089674042957928
2019-05-06,-0.0058355504751886915
2019-05-07,-0.02073645668390189
2019-05-08,-7.94836314985568e-05
2019-05-09,-7.974825385420095e-05
2019-05-10,0.012904432257049094
2019-05-13,-0.030184517866308467
2019-05-14,0.011125815437881312
2019-05-15,0.013983801810667325
2019-05-16,0.02282906361016126
2019-05-17,-0.006692546086947444
2019-05-20,-0.014550573471696663
2019-05-21,0.005372976863252548
2019-05-22,0.006049305857194491
2019-05-23,-0.011739180789441826
2019-05-24,0.0004753414326841291
2019-05-28,-0.0006337321323135035
2019-05-29,-0.00971766195706172
2019-05-30,0.006303386140120158
2019-05-31,-0.016439319581890016
2019-06-03,-0.031540152406966816
2019-06-04,0.027327022529276435
2019-06-05,0.021447372190345614
2019-06-06,0.01569118862248611
2019-06-07,0.027622824109552125
2019-06-10,0.009091112950716632
2019-06-11,-0.00377755802487662
2019-06-12,-0.004628263827842571
2019-06-13,0.006292430821806184
2019-06-14,0.000981785809691912
2019-06-17,0.0030152591702586307
2019-06-18,0.017238643875841154
2019-06-19,0.0039138190460154074
2019-06-20,0.009242868091899567
2019-06-21,0.00014608922186415434
2019-06-24,0.005896229496179925
2019-06-25,-0.03208113818165595
2019-06-26,0.0037403364628691756
2019-06-27,0.0016408448232429693
2019-06-28,-0.001417019587559527
2019-07-01,0.01275776113405269
2019-07-02,0.0066115125664073125
2019-07-03,0.0064225401838807076
2019-07-05,-0.002913988289947065
2019-07-08,-0.0007301795051345583
2019-07-09,-0.003657496340259524
2019-07-10,0.010134673945115498
2019-07-11,0.003981879304736369
2019-07-12,0.0036062038885862277
2019-07-15,0.0
2019-07-16,-0.01318922715540548
2019-07-17,-0.0059265452497890975
2019-07-18,0.0011000783292496
2019-07-19,0.0014650093451386472
2019-07-22,0.013161252860391631
2019-07-23,0.006193460862786319
2019-07-24,0.010213963534317779
2019-07-25,-0.0037735991457030424
2019-07-26,0.008169958058560876
2019-07-29,-0.002195763461913323
2019-07-30,-0.004833059361129791
2019-07-31,-0.029501301021698702
2019-08-01,0.013050153101614708
2019-08-02,-0.008437769331268634
2019-08-05,-0.034859126478235886
2019-08-06,0.01858425491313255
2019-08-07,0.004370720616200731
2019-08-08,0.02633568698061555
2019-08-09,-0.008532417585699656
2019-08-12,-0.014040192782279786
2019-08-13,0.02048267442133484
2019-08-14,-0.030577256121470154
2019-08-15,-0.0022419421981270267
2019-08-16,0.018161355512215212
2019-08-19,0.016610337548588035
2019-08-20,-0.008343497563284518
2019-08-21,0.011084912014104943
2019-08-22,-0.007303491362048552
2019-08-23,-0.032381058161194624
2019-08-26,0.015325359364367474
2019-08-27,0.002138749304352934
2019-08-28,-0.0013271288703229625
2019-08-29,0.018708823419261927
2019-08-30,-0.0018844436957295538
2019-09-03,-0.013289591350921148
2019-09-04,0.011619951003631229
2019-09-05,0.017430779584498866
2019-09-06,-0.006806661832533969
2019-09-09,-0.01142352614110652
2019-09-10,-0.010526461288829215
2019-09-11,0.00029340365297576105
2019-09-12,0.010233057635853393
2019-09-13,-0.0014555033193741507
2019-09-16,-0.007235673888465512
2019-09-17,0.007745288346109187
2019-09-18,0.008190983332810996
2019-09-19,0.01824171243467995
2019-09-20,-0.011622011724755708
2019-09-23,-0.002153887483026565
2019-09-24,-0.012729549252776612
2019-09-25,0.014309712691715099
2019-09-26,0.0012906183820356018
2019-09-27,-0.013055962257236362
2019-09-30,0.009394566573479432
2019-10-01,-0.014198072430959661
2019-10-02,-0.017813076336651638
2019-10-03,0.012032795787660578
2019-10-04,0.013411551576916595
2019-10-07,-0.007266620649161458
2019-10-08,-0.010631003259501033
2019-10-09,0.01876598280171415
2019-10-10,0.0062016748158937336
2019-10-11,0.004160929773397564
2019-10-14,-0.0009309091480745872
2019-10-15,0.014371090805437888
2019-10-16,-0.008227569486467991
2019-10-17,-0.0051407117198041296
2019-10-18,-0.01645698998373672
2019-10-21,0.007395875317685017
2019-10-22,-0.01499343513472309
2019-10-23,0.006359637081033207
2019-10-24,0.019482809891699197
2019-10-25,0.005629297872268219
2019-10-28,0.024288636561401712
2019-10-29,-0.009476746399331246
2019-10-30,0.012385479760232848
2019-10-31,-0.008611479097526265
2019-11-01,0.002438194083679693
2019-11-04,0.005758380668837859
2019-11-05,-0.0006230694266807519
2019-11-06,-0.0027728736884158256
2019-11-07,0.0013874537329166077
2019-11-08,0.011715668266204347
2019-11-11,0.0010268712824845667
2019-11-12,0.0065488967266249245
2019-11-13,0.0016304082222913907
2019-11-14,0.005078856612793195
2019-11-15,0.012817481902599358
2019-11-18,0.0024639936163670163
2019-11-19,0.0003328974298843278
2019-11-20,-0.00173645920978494
2019-11-21,-0.0009357303900254505
2019-11-22,0.0007351219270529313
2019-11-25,0.010903602923435068
2019-11-26,0.005276294528738798
2019-11-27,0.0019053760627538714
2019-11-29,-0.006190215974807568
2019-12-02,-0.012162419341910294
2019-12-03,-0.0016059959763316885
2019-12-04,0.003610058024300997
2019-12-05,0.0005335820227484098
2019-12-06,0.01206592915711757
2019-12-09,-0.002573192142453139
2019-12-10,-0.0015207557306576934
2019-12-11,0.0037644131024928288
2019-12-12,0.010100311178195367
2019-12-13,0.008382959237669787
2019-12-16,0.00645052482518564
2019-12-17,-0.005415731871943582
2019-12-18,-0.0020708656329024525
2019-12-19,0.008643312740206844
2019-12-20,0.010858477388517243
2019-12-23,0.0
2019-12-24,-0.0001905777742961921
2019-12-26,0.00816343659272982
2019-12-27,0.0018260157656506384
2019-12-30,-0.008655966452362787
2019-12-31,0.0006978126634868696
2020-01-02,0.018346764055987813
2020-01-03,-0.012530090019199523
2020-01-06,0.0025816526423153453
2020-01-07,-0.009159656533784106
2020-01-08,0.01580293275546765
2020-01-09,0.01241554572579693
2020-01-10,-0.0046376726236055975
2020-01-13,0.01195239711410176
2020-01-14,-0.007067945479747831
2020-01-15,0.006455329342121651
2020-01-16,0.01815751522871488
2020-01-17,0.005581194746694268
2020-01-21,-0.003597125661961795
2020-01-22,-0.004816448827137241
2020-01-23,0.006137074171461345
2020-01-24,-0.010128080922173498
2020-01-27,-0.016864529375320438
2020-01-28,0.019405988626864094
2020-01-29,0.015472715973087213
2020-01-30,0.027816919880147874
2020-01-31,-0.014868716007943381
2020-02-03,0.024086463881070126
2020-02-04,0.032386454102589626
2020-02-05,-0.0012219612878418698
2020-02-06,0.02052168225334407
2020-02-07,0.0014148163142780827
2020-02-10,0.025820662164363316
2020-02-11,-0.022833939661467045
2020-02-12,0.001462624349147568
2020-02-13,-0.0054287158631052415
2020-02-14,0.00888755964892801
2020-02-18,0.010091848518113813
2020-02-19,0.0029945956135518444
2020-02-20,-0.015388870553902
2020-02-21,-0.032123205200586896
2020-02-24,-0.044072506768290706
2020-02-25,-0.016639447481542533
2020-02-26,0.012417273322236294
2020-02-27,-0.07306407832394787
2020-02-28,0.023924255436296518
2020-03-02,0.06441874797398739
2020-03-03,-0.04910553762118538
2020-03-04,0.03605703937808665
2020-03-05,-0.025415620565735503
2020-03-06,-0.02867427880002302
2020-03-09,-0.07017849677169163
2020-03-10,0.06614743495654019
2020-03-11,-0.046360528546242556
2020-03-12,-0.0996413970667574
2020-03-13,0.1329289245094737
2020-03-16,-0.159453181446137
2020-03-17,0.07912202795939219
2020-03-18,-0.04300800371558259
2020-03-19,0.01631949141875096
2020-03-20,-0.03828252285315222
2020-03-23,-0.010024083735172967
2020-03-24,0.08699869119879666
2020-03-25,-0.009618610541333329
2020-03-26,0.06067268244949272
2020-03-27,-0.04192784993017695
2020-03-30,0.06797732117757647
2020-03-31,-0.015852467393151163
2020-04-01,-0.0361541775581573
2020-04-02,0.020497331179728004
2020-04-03,-0.009253025548600018
2020-04-06,0.07173233698852316
2020-04-07,-0.010828452584846087
2020-04-08,0.009981253773297012
2020-04-09,6.0448059635773975e-05
2020-04-13,0.002237976099224217
2020-04-14,0.04829806851229973
2020-04-15,-0.010533323563839942
2020-04-16,0.029579353425528466
2020-04-17,0.008773004471543404
2020-04-20,-0.02002014126715021
2020-04-21,-0.042236563595926147
2020-04-22,0.0334006933678986
2020-04-23,-0.012175987308514404
2020-04-24,0.01809441856550746
2020-04-27,-0.0028682541809594096
2020-04-28,-0.024662756070112115
2020-04-29,0.04389581526803308
2020-04-30,0.009982294006067458
2020-05-01,-0.02623245549302998
2020-05-04,0.02416565245431653
2020-05-05,0.01067872771266137
2020-05-06,0.009799294137779819
2020-05-07,0.005790092149107382
2020-05-08,0.005864867235962946
2020-05-11,0.011092797731019297
2020-05-12,-0.022912437315447058
2020-05-13,-0.015237884731439121
2020-05-14,0.004330121514580597
2020-05-15,0.014463080567698326
2020-05-18,0.009509226315111953
2020-05-19,-0.006946417217491347
2020-05-20,0.013775576754226259
2020-05-21,-0.012084187896205677
2020-05-22,0.00043596175600025763
2020-05-26,-0.010627826278141296
2020-05-27,0.00132104973727433
2020-05-28,-0.002257623134878339
2020-05-29,0.010146697916355606
2020-06-01,-0.0022946563094004787
2020-06-02,0.011312549042442875
2020-06-03,0.0024305115592971904
2020-06-04,-0.013250986058002614
2020-06-05,0.023128472291436955
2020-06-08,0.0061776479972874354
2020-06-09,0.007616121229416777
2020-06-10,0.03642009840948278
2020-06-11,-0.05519411123801079
2020-06-12,0.00786109251473052
2020-06-15,0.006371454954819354
2020-06-16,0.02420991170026575
2020-06-17,0.0034549205932754927
2020-06-18,0.010651556825731033
2020-06-19,-0.005977513780645692
2020-06-22,0.02739494879698103
2020-06-23,0.006658715806613017
2020-06-24,-0.02036349191340927
2020-06-25,0.012557449404260733
2020-06-26,-0.020219323536627556
2020-06-29,0.010690068128388477
2020-06-30,0.025228177602390836
2020-07-01,0.005830474599216054
2020-07-02,0.0075922300950152614
2020-07-06,0.021297576299646997
2020-07-07,-0.011696054014857522
2020-07-08,0.021754662124696126
2020-07-09,0.006976259965295849
2020-07-10,-0.0030372378221094213
2020-07-13,-0.03137594679785968
2020-07-14,0.006162522760447323
2020-07-15,-0.001489013677117049
2020-07-16,-0.02000256589439703
2020-07-17,-0.005113285348437729
2020-07-20,0.042083079956451205
2020-07-21,-0.013560470745242395
2020-07-22,0.014269261944576443
2020-07-23,-0.044469281891947085
2020-07-24,-0.006140852377188961
2020-07-27,0.012588063031191461
2020-07-28,-0.009017768804585708
2020-07-29,0.010047324123055429
2020-07-30,-0.0007844089013346001
2020-07-31,0.005429119232288985
2020-08-03,0.05471652251802741
2020-08-04,-0.015122273324218964
2020-08-05,-0.0016424469004506044
2020-08-06,0.01588692470113564
2020-08-07,-0.01804952552373146
2020-08-10,-0.02010866234854492
2020-08-11,-0.02366297050303575
2020-08-12,0.028166628288419277
2020-08-13,-0.002345103387045955
2020-08-14,0.0009578384893206033
2020-08-17,0.0065842509906649995
2020-08-18,0.005737882554375079
2020-08-19,-0.006085624072347095
2020-08-20,0.023004963361576845
2020-08-21,-0.007296673341852512
2020-08-24,0.003140369883424903
2020-08-25,0.01292556781765209
2020-08-26,0.02138924355149811
2020-08-27,0.02425694487927483
2020-08-28,0.010230789926233915
2020-08-31,-0.014875864516396633
2020-09-01,0.007685733778725746
2020-09-02,0.01908883105003212
2020-09-03,-0.06394870191675592
2020-09-04,-0.014135357181525527
2020-09-08,-0.05561389256134621
2020-09-09,0.041701649574991395
2020-09-10,-0.02841802753323125
2020-09-11,-0.006546316023986465
2020-09-14,0.00674095099531388
2020-09-15,0.016273187877977116
2020-09-16,-0.018027276842396685
2020-09-17,-0.010491209214247147
2020-09-18,-0.01249724412206051
2020-09-21,0.010671946641456608
2020-09-22,0.02380860303730833
2020-09-23,-0.03348295515754128
2020-09-24,0.01287865774484555
2020-09-25,0.022530891759057238
2020-09-28,0.007764837067380856
2020-09-29,-0.010463339998445901
2020-09-30,0.01470380522536882
2020-10-01,0.010075929796222533
2020-10-02,-0.029955611472758954
2020-10-05,0.020117384221292164
2020-10-06,-0.02147616009724228
2020-10-07,0.018858319286895162
2020-10-08,0.0035679352221166098
2020-10-09,0.02453272171473302
2020-10-12,0.025572624391775288
2020-10-13,0.006572903772282035
2020-10-14,-0.00901474222882065
2020-10-15,-0.005448257381538954
2020-10-16,0.0
2020-10-19,-0.0250773393674296
2020-10-20,0.002005110146106213
2020-10-21,0.0006989653766808215
2020-10-22,0.00041858201012988816
2020-10-23,0.006216434259825765
2020-10-26,-0.028854084898668256
2020-10-27,0.014976614497769635
2020-10-28,-0.050836788190022054
2020-10-29,0.010014837201734012
2020-10-30,-0.011051420267715899
2020-11-02,-0.0006917576777858806
2020-11-03,0.020061183209620678
2020-11-04,0.04712116792077102
2020-11-05,0.03138922972707201
2020-11-06,0.0019237407919434335
2020-11-09,-0.024112935671508243
2020-11-10,-0.0343771303867795
2020-11-11,0.02591615352875204
2020-11-12,-0.005138892543633431
2020-11-13,0.004954124119899132
2020-11-16,0.003320179982300407
2020-11-17,-0.01283344974627626
2020-11-18,-0.013271563006306294
2020-11-19,0.006328252855741662
2020-11-20,-0.009602401171843876
2020-11-23,-0.0013320058529074212
2020-11-24,0.01769070266110861
2020-11-25,4.653426074647299e-05
2020-11-27,0.006338660355483066
2020-11-30,-0.005403758369192039
2020-12-01,0.009947056667172645
2020-12-02,-0.003892769451282298
2020-12-03,-0.0052606442628470905
2020-12-04,0.0005598700572258145
2020-12-07,-0.00032652190954760306
2020-12-08,0.007994347808397206
2020-12-09,-0.01968221200497097
2020-12-10,-0.00606164667901177
2020-12-11,0.012931437471540748
2020-12-14,0.004398007525315932
2020-12-15,-0.00032669169221877345
2020-12-16,0.023766012829142327
2020-12-17,0.0006380111808678608
2020-12-18,-0.0037896744832745088
2020-12-21,0.01813373060615946
2020-12-22,0.006046515186416751
2020-12-23,-0.013124813628229433
2020-12-24,0.007796897978540773
2020-12-28,0.009872497586906451
2020-12-29,-0.0036072303665546533
2020-12-30,-0.011080702001318722
2020-12-31,0.0033329041931463017
2021-01-04,-0.021495677729982194
2021-01-05,0.0009641776352437574
2021-01-06,-0.02627135903382561
2021-01-07,0.028059802836324994
2021-01-08,0.006074269051299177
2021-01-11,-0.00974580106008446
2021-01-12,-0.011840450738080908
2021-01-13,0.006538779664662195
2021-01-14,-0.01546548667943824
2021-01-15,-0.0017380803164382466
2021-01-19,0.017665606844341385
2021-01-20,0.035849418386451753
2021-01-21,0.0028042791961720493
2021-01-22,0.004346672241243854
2021-01-25,0.015719900719655722
2021-01-26,0.012125182222081211
2021-01-27,0.0024503888265628836
2021-01-28,0.025561336511258997
2021-01-29,-0.02960570932886769
2021-02-01,0.03261471203468265
2021-02-02,-0.0005844690796279298
2021-02-03,0.01446638568341412
2021-02-04,-0.004082456475704152
2021-02-05,0.0007848885372196536
2021-02-08,0.001113992270623728
2021-02-09,0.005347380440181643
2021-02-10,-0.0039047953511467865
2021-02-11,0.006854077505602637
2021-02-12,0.002042852210496824
2021-02-16,-0.0052793870831869694
2021-02-17,0.004350020552798695
2021-02-18,-0.001680404925666586
2021-02-19,-0.01163461772928522
2021-02-22,-0.027174219065506735
2021-02-23,-0.0053016140495694055
2021-02-24,0.005472175484070907
2021-02-25,-0.02399035087126126
2021-02-26,0.014695557897179804
2021-03-01,0.01943296539520396
2021-03-02,-0.013041680649855886
2021-03-03,-0.02735141076656747
2021-03-04,-0.0036541154083458223
2021-03-05,0.02125201194479524
2021-03-08,-0.018345160172530295
2021-03-09,0.027713787914181675
2021-03-10,-0.00583413732284352
2021-03-11,0.020062209224463612
2021-03-12,-0.00583651634555183
2021-03-15,-0.003995287490597478
2021-03-16,0.012274841471973228
2021-03-17,-0.0028225649665474823
2021-03-18,-0.027023958362623404
2021-03-19,-0.0016050680887360106
2021-03-22,0.024189458013562894
2021-03-23,0.006714974742373111
2021-03-24,-0.008963222861398603
2021-03-25,-0.01333928056633778
2021-03-26,0.017661659762771512
2021-03-29,-0.005257198641938092
2021-03-30,-0.014515657546413324
2021-03-31,0.016765938822818564
2021-04-01,0.027526306069073237
2021-04-05,0.027351072666935795
2021-04-06,-0.004869839803411856
2021-04-07,0.00819668505865239
2021-04-08,0.013316360550012259
2021-04-09,0.010214270967525606
2021-04-12,0.00023449528463425858
2021-04-13,0.010031262035344093
2021-04-14,-0.011282663368579443
2021-04-15,0.015182193654596695
2021-04-16,0.004767068121425344
2021-04-19,-0.007700081964220177
2021-04-20,-0.0018569494290983266
2021-04-21,0.008942995430960428
2021-04-22,-0.013172391097241776
2021-04-23,0.015357496980866834
2021-04-26,0.0015305828654342364
2021-04-27,0.0016046551257495546
2021-04-28,-0.028693627307340822
2021-04-29,-0.008085665657147365
2021-04-30,-0.0013076975144802442
2021-05-03,-0.0012697341199512718
2021-05-04,-0.016291885278734788
2021-05-05,-0.005341312078739346
2021-05-06,0.013140061297353976
2021-05-07,0.010872495976638724
2021-05-10,-0.021135927747951377
2021-05-11,-0.0038508965742402234
2021-05-12,-0.029802361066883366
2021-05-13,0.01672126112378858
2021-05-14,0.02084846851486526
2021-05-17,-0.012040563012845753
2021-05-18,-0.008602149037458873
2021-05-19,0.0024709799778652565
2021-05-20,0.01372573649628616
2021-05-21,-0.0053290166189147075
2021-05-24,0.022624225700066704
2021-05-25,0.0037412707204717713
2021-05-26,-0.000914169488810522
2021-05-27,-0.008706140420457871
2021-05-28,0.0014829697747750948
2021-06-01,-0.009173698285568656
2021-06-02,-0.0004041384676684561
2021-06-03,-0.006450138563809033
2021-06-04,0.02046379792735446
2021-06-07,0.011970152118696646
2021-06-08,-0.0048974338953461085
2021-06-09,0.004030172147854116
2021-06-10,0.014290743555419028
2021-06-11,0.0025235469014143995
2021-06-14,0.00772526578043711
2021-06-15,-0.005904179822819643
2021-06-16,-0.0038005433774307706
2021-06-17,0.013583394399871244
2021-06-18,-0.005649988840702552
2021-06-21,0.012259241767373434
2021-06-22,0.010906195502234628
2021-06-23,-0.0009041912748263321
2021-06-24,0.005338636680449804
2021-06-25,-0.006281680787564498
2021-06-28,0.013864643652217666
2021-06-29,0.009923845736271303
2021-06-30,-0.001843968955122614
2021-07-01,0.0025808149467459658
2021-07-02,0.02203100223276314
2021-07-06,3.573537658136721e-05
2021-07-07,0.00814216491033322
2021-07-08,-0.009006772974217323
2021-07-09,0.0018728662196859293
2021-07-12,-0.0022335492245926774
2021-07-13,0.013111396061558781
2021-07-14,0.005430551137414469
2021-07-15,-0.005252542471419616
2021-07-16,-0.0009968292074579571
2021-07-19,-0.013410881484798399
2021-07-20,0.008304648748023984
2021-07-21,0.00741887053259717
2021-07-22,0.016704118478583392
2021-07-23,0.012261232390691705
2021-07-26,-0.002142896925046122
2021-07-27,-0.00872135081125967
2021-07-28,-0.0011175198756460793
2021-07-29,0.0009780084620353243
2021-07-30,-0.005565200132719862
2021-08-02,-0.00031591847791266104
2021-08-03,0.00804262700097862
2021-08-04,-0.0021268768637198133
2021-08-05,0.010451051185391252
2021-08-06,-0.00020739308387838235
2021-08-09,-0.003911400502855914
2021-08-10,-0.006576689170726216
2021-08-11,0.0017790358145514595
2021-08-12,0.009917223298941168
2021-08-13,0.010435390769790767
2021-08-16,0.005957929683510124
2021-08-17,-0.005173035887273105
2021-08-18,-0.006137856177706655
2021-08-19,0.020562337477072593
2021-08-20,0.025253802921252327
2021-08-23,0.0009523595698255399
2021-08-24,-0.006685746941270816
2021-08-25,-0.0020179386647054993
2021-08-26,-0.009715631600966572
2021-08-27,0.002104335962995198
2021-08-30,0.012829668891933769
2021-08-31,-0.005648505631272165
2021-09-01,-0.0001656053734317079
2021-09-02,-0.002255693184743794
2021-09-03,-3.3094438964326916e-05
2021-09-07,-0.0031932083320594814
2021-09-08,0.0001001228212630883
2021-09-09,-0.00990869510788402
2021-09-10,-0.005194512940418443
2021-09-13,0.0043193227934266885
2021-09-14,0.009383672360724491
2021-09-15,0.016639556838234485
2021-09-16,0.001310992979685128
2021-09-17,-0.017683370867338555
2021-09-20,-0.018749764352320317
2021-09-21,0.001697661024973933
2021-09-22,0.012740658964764956
2021-09-23,0.003277149381634156
2021-09-24,-0.0007013277013258413
2021-09-27,-0.01745565222210214
2021-09-28,-0.036875324642025475
2021-09-29,0.001691414946187055
2021-09-30,-0.007350477488360752
2021-10-01,0.025148983152523313
2021-10-04,-0.02093708372239127
2021-10-05,0.01976059116708601
2021-10-06,0.014951871024649576
2021-10-07,0.00591885831911815
2021-10-08,0.0
2021-10-11,-0.0021048282975684447
2021-10-12,-0.0045988508041365705
2021-10-13,0.011643305446603431
2021-10-14,0.021501001062612844
2021-10-15,0.004810729605111999
2021-10-18,0.010073897582815376
2021-10-19,0.00305436432981263
2021-10-20,-0.0026639147121182588
2021-10-21,0.010838572204317025
2021-10-22,-0.0051619318517017315
2021-10-25,-0.0033373434192206374
2021-10-26,0.006405297283522694
2021-10-27,0.041251367886388425
2021-10-28,0.0036448380653834483
2021-10-29,0.02216640564777501
2021-11-01,-0.006808096582120751
2021-11-02,0.011351098947074454
2021-11-03,0.0026081731161656783
2021-11-04,0.007278994243001736
2021-11-05,-0.0011302341237765898
2021-11-08,0.002763766248257274
2021-11-09,-0.0030909752569146082
2021-11-10,-0.015448611652268605
2021-11-11,0.004915486038646454
2021-11-12,0.01282246745044821
2021-11-15,-0.0019321017948472996
2021-11-16,0.010183891703543491
2021-11-17,0.0006783656912951817
2021-11-18,0.006319744362456677
2021-11-19,0.005376979764513916
2021-11-22,-0.009605371769397152
2021-11-23,-0.006346888135149146
2021-11-24,0.0006810753312802548
2021-11-26,-0.024657313325055108
2021-11-29,0.02086206700955392
2021-11-30,-0.018105449070393492
2021-12-01,-0.0015438684626013178
2021-12-02,-0.0017891013571417803
2021-12-03,-0.019862543394970206
2021-12-06,0.009796555425094217
2021-12-07,0.026411635735476485
2021-12-08,0.00014934827457886707
2021-12-09,-0.005598255521168071
2021-12-10,0.02794592183261834
2021-12-13,-0.009209324869310951
2021-12-14,-0.03312979417499201
2021-12-15,0.019035576778382232
2021-12-16,-0.029567507674985092
2021-12-17,-0.0033916334641280626
2021-12-20,-0.012086116308179896
2021-12-21,0.022806685384998544
2021-12-22,0.017896403907350054
2021-12-23,0.004461914265114365
2021-12-27,0.022920821815190354
2021-12-28,-0.0035102119822077887
2021-12-29,0.002048944323868677
2021-12-30,-0.007720708676942935
2021-12-31,-0.008880498947785235
2022-01-03,-0.004679271488103186
2022-01-04,-0.017295872334010632
2022-01-05,-0.03914410739986242
2022-01-06,-0.007933000755972615
2022-01-07,0.0005092765600554768
2022-01-10,0.0007323259069203504
2022-01-11,0.0022565336657288325
2022-01-12,0.010390917925121791
2022-01-13,-0.04324437526876216
2022-01-14,0.017561579559174027
2022-01-18,-0.024640282476075873
2022-01-19,0.002244271972625059
2022-01-20,-0.005719621670147833
2022-01-21,-0.01864077332134109
2022-01-24,0.0011476465739081246
2022-01-25,-0.026948041280347047
2022-01-26,0.02809490277410148
2022-01-27,0.010493582942189371
2022-01-28,0.027694675834545043
2022-01-31,0.008785012070893989
2022-02-01,-0.00716417074611871
2022-02-02,0.015107285188423676
2022-02-03,-0.03973108497060034
2022-02-04,0.015448485664054604
2022-02-07,-0.01644498618043969
2022-02-08,0.011924077356974275
2022-02-09,0.021599619355953274
2022-02-10,-0.028783339418960028
2022-02-11,-0.024573584325697614
2022-02-14,-0.00013541287261431851
2022-02-15,0.018372338361090833
2022-02-16,-0.0011678511442981892
2022-02-17,-0.029719424489838907
2022-02-18,-0.009677587004095952
2022-02-22,-0.0007295594348018608
2022-02-23,-0.026234662219585148
2022-02-24,0.04983149413337568
2022-02-25,0.009190835285922017
2022-02-28,0.004965561290350674
2022-03-01,-0.012935113922242407
2022-03-02,0.01760983085079902
2022-03-03,-0.014326624869276354
2022-03-04,-0.020690826792510615
2022-03-07,-0.038509222982202315
2022-03-08,-0.011032003093374758
2022-03-09,0.04483814125413788
2022-03-10,-0.010138136357538081
2022-03-11,-0.019517433332452285
2022-03-14,-0.013045802570357097
2022-03-15,0.038010855807611946
2022-03-16,0.024900815881892566
2022-03-17,0.0028154701834581116
2022-03-18,0.017493795943255272
2022-03-21,-0.004236330029036101
2022-03-22,0.016246730002247255
2022-03-23,-0.015143950991569694
2022-03-24,0.015275471423220582
2022-03-25,-0.0013821900884848192
2022-03-28,0.022853496193317033
2022-03-29,0.015045364301764827
2022-03-30,-0.004926282375436495
2022-03-31,-0.017841273028732972
2022-04-01,0.0035938916043307635
2022-04-04,0.017777534847543335
2022-04-05,-0.013070221882046183
2022-04-06,-0.03729264353964496
2022-04-07,0.0062244788368076235
2022-04-08,-0.01470778673048488
2022-04-11,-0.04023025419145361
2022-04-12,-0.011280844320331768
2022-04-13,0.019520332682668094
2022-04-14,-0.027458134982762766
2022-04-18,0.0024628333807241985
2022-04-19,0.016896331289014483
2022-04-20,0.003708433353283315
2022-04-21,-0.019571272200787214
2022-04-22,-0.024440955002899088
2022-04-25,0.02412015274161933
2022-04-26,-0.03812126959567921
2022-04-27,0.04698774706631938
2022-04-28,0.022380229338457062
2022-04-29,-0.04271149320165169
2022-05-02,0.024734919299309845
2022-05-03,-0.009501086219748446
2022-05-04,0.02868517665996208
2022-05-05,-0.044531739626522904
2022-05-06,-0.009491605323617019
2022-05-09,-0.03764485676224147
2022-05-10,0.018424792381489963
2022-05-11,-0.0337736081213844
2022-05-12,-0.02015961947865568
2022-05-13,0.02234484417378235
2022-05-16,0.001454368301759904
2022-05-17,0.02013983944937253
2022-05-18,-0.04659877744986111
2022-05-19,-0.0037064058251624252
2022-05-20,-0.0022939935124000775
2022-05-23,0.03152981707199969
2022-05-24,-0.0039594194145287295
2022-05-25,0.01110815422043336
2022-05-26,0.012792955337127468
2022-05-27,0.027230337273071295
2022-05-31,-0.005026549119962483
2022-06-01,0.0020207860068123655
2022-06-02,0.007897594943253221
2022-06-03,-0.016746350124581644
2022-06-06,-0.004714538816420774
2022-06-07,0.013857099928967564
2022-06-08,-0.00769925621284122
2022-06-09,-0.021002190772860228
2022-06-10,-0.045587150464652955
2022-06-13,-0.04333852547414492
2022-06-14,0.009162883419885668
2022-06-15,0.029301938852154187
2022-06-16,-0.027340575135910542
2022-06-17,0.01088068251843046
2022-06-21,0.02429366912260149
2022-06-22,-0.0024069300798758198
2022-06-23,0.022384102987944
2022-06-24,0.03357964125872164
2022-06-27,-0.010552208759722678
2022-06-28,-0.03226391151825695
2022-06-29,0.014630310093176408
2022-06-30,-0.013266699663377464
2022-07-01,0.010650670740670295
2022-07-05,0.01251833742751812
2022-07-06,0.012701942648273812
2022-07-07,0.008193078862340736
2022-07-08,-0.0027611631633952484
2022-07-11,-0.011838050131691322
2022-07-12,-0.0418450509595077
2022-07-13,-0.0037520321285136778
2022-07-14,0.0053669985644250896
2022-07-15,0.010336882517552212
2022-07-18,-0.009667943752604083
2022-07-19,0.020554271665225148
2022-07-20,0.010502326906527176
2022-07-21,0.00975093054257301
2022-07-22,-0.01706040190399013
2022-07-25,-0.005893750323518224
2022-07-26,-0.027139345640863077
2022-07-27,0.06471221376689888
2022-07-28,0.02814104841221553
2022-07-29,0.015543446122497714
2022-08-01,-0.009771843637090159
2022-08-02,-0.011540669488976816
2022-08-03,0.027456166924419597
2022-08-04,0.004168533883546254
2022-08-05,-0.002612187367351254
2022-08-08,-0.00919682418731528
2022-08-09,0.007038111442554065
2022-08-10,0.02401030109670735
2022-08-11,-0.007428864777680805
2022-08-12,0.016894066585478144
2022-08-15,0.00532991861398816
2022-08-16,-0.002593303654252109
2022-08-17,-0.002639340136380651
2022-08-18,-0.003955518381176762
2022-08-19,-0.013951026397063727
2022-08-22,-0.029794481701044356
2022-08-23,-0.004727611246916607
2022-08-24,-0.002354068077096969
2022-08-25,0.011034264300904541
2022-08-26,-0.03935153554137412
2022-08-29,-0.010725167121214954
2022-08-30,-0.008557159502659308
2022-08-31,-0.005720705623234726
2022-09-01,-0.004100497059498432
2022-09-02,-0.016807207890218282
2022-09-06,-0.011034634535560774
2022-09-07,0.018931148361162952
2022-09-08,0.0016646707704790513
2022-09-09,0.02271689620295523
2022-09-12,0.008247034976764604
2022-09-13,-0.05654761014743599
2022-09-14,0.0009124787773114809
2022-09-15,-0.027493710488510098
2022-09-16,-0.002611608102325776
2022-09-19,-0.0008993198429498358
2022-09-20,-0.00850174797982313
2022-09-21,-0.01454114913106016
2022-09-22,0.008459753469150573
2022-09-23,-0.012779488559390387
2022-09-26,-0.0019774550325682753
2022-09-27,-0.004389483353840296
2022-09-28,0.01951982730997092
2022-09-29,-0.014919812849645542
2022-09-30,-0.01955842854678578
2022-10-03,0.03310840288961938
2022-10-04,0.03325330262168653
2022-10-05,0.0012847781139124401
2022-10-06,-0.00971794476738678
2022-10-07,-0.052191529779508174
2022-10-10,-0.02153312525400562
2022-10-11,-0.016892085896969073
2022-10-12,0.0015071987855658309
2022-10-13,0.03691801236540888
2022-10-14,-0.024547393703252637
2022-10-17,0.03849509739619145
2022-10-18,0.004075515685172481
2022-10-19,-0.008505839764617239
2022-10-20,-0.0013964453997799419
2022-10-21,0.024966256966128197
2022-10-24,0.020966674052115806
2022-10-25,0.013697442978145508
2022-10-26,-0.08029535694141926
2022-10-27,-0.019953948018632324
2022-10-28,0.03943258524862868
2022-10-31,-0.015983156751903392
2022-11-01,-0.01720664159591806
2022-11-02,-0.03600901992466846
2022-11-03,-0.02693836842665643
2022-11-04,0.032782344725763024
2022-11-07,0.0288492721456578
2022-11-08,0.004378915648646108
2022-11-09,-0.019233879475981475
2022-11-10,0.0790588694116988
2022-11-11,0.016854447009891325
2022-11-14,-0.022757043286088106
2022-11-15,0.001737259435260645
2022-11-16,0.001821857381904369
2022-11-17,-0.00020684603676805627
2022-11-18,-0.0019052393759099312
2022-11-21,0.0034349909378086595
2022-11-22,0.012236275201956744
2022-11-23,0.010353237271469595
2022-11-25,-0.0003636294263141789
2022-11-28,-0.023424740186246292
2022-11-29,-0.005932426058213388
2022-11-30,0.05979928203472401
2022-12-01,-0.0017652050069017512
2022-12-02,0.0012948290251364831
2022-12-05,-0.019081261100311907
2022-12-06,-0.02051287069727553
2022-12-07,-0.0030643454786775624
2022-12-08,0.012322849700500857
2022-12-09,-0.008035276089619348
2022-12-12,0.02847971821527459
2022-12-13,0.01731399958138351
2022-12-14,0.001167079539457983
2022-12-15,-0.03243886339971395
2022-12-16,-0.01750088438329473
2022-12-19,-0.01747993178041114
2022-12-20,0.005598808798812688
2022-12-21,0.010817901441630688
2022-12-22,-0.025860229814762728
2022-12-23,0.002264547300211301
2022-12-27,-0.007441848578451533
2022-12-28,-0.010307843746141784
2022-12-29,0.027254776278241015
2022-12-30,-0.004949568791776401
2023-01-03,-0.0010013741755559018
2023-01-04,-0.04472872921273912
2023-01-05,-0.030085781415163635
2023-01-06,0.011716384690525508
2023-01-09,0.009689282602588056
2023-01-10,0.007588317088914063
2023-01-11,0.02978996137105369
2023-01-12,0.011554430123570018
2023-01-13,0.0030142366089850902
2023-01-17,0.004670726755622852
2023-01-18,-0.019069620034141158
2023-01-19,-0.016590866574267615
2023-01-20,0.035119417788643206
2023-01-23,0.009776374094473284
2023-01-24,-0.002228566632311971
2023-01-25,-0.005925543290088802
2023-01-26,0.030251359612164443
2023-01-27,0.0006449483981988051
2023-01-30,-0.02220632752521678
2023-01-31,0.020794946521097802
2023-02-01,0.019738541356082828
2023-02-02,0.04581821805700721
2023-02-03,-0.02390374327372488
2023-02-06,-0.0061346171114965865
2023-02-07,0.04116310058949257
2023-02-08,-0.003106920669217426
2023-02-09,-0.011728105347823353
2023-02-10,-0.001974646913017044
2023-02-13,0.03076489446796808
2023-02-14,0.003127896789209267
2023-02-15,-0.00802510945070712
2023-02-16,-0.026983444713687382
2023-02-17,-0.01572467478347818
2023-02-21,-0.021107821617019934
2023-02-22,-0.004601608804025726
2023-02-23,0.012878630324597589
2023-02-24,-0.022025267600177437
2023-02-27,0.003764676701823103
2023-02-28,-0.002962508452489888
2023-03-01,-0.012709713933459415
2023-03-02,0.019462612024324644
2023-03-03,0.01650900858181066
2023-03-06,0.006169964339547062
2023-03-07,-0.010645465025024161
2023-03-08,-0.0017722542714441725
2023-03-09,-0.005454108538297517
2023-03-10,-0.014893346279531858
2023-03-13,0.02121443241106701
2023-03-14,0.026696017395977118
2023-03-15,0.017673438607908088
2023-03-16,0.03973650349351634
2023-03-17,0.011626566523572926
2023-03-20,-0.02610451976341548
2023-03-21,0.005677370317810418
2023-03-22,-0.005456945104227331
2023-03-23,0.01952964677916114
2023-03-24,0.010425984069267638
2023-03-27,-0.015046697777055718
2023-03-28,-0.004169674374641619
2023-03-29,0.019002452692278484
2023-03-30,0.012540859126344945
2023-03-31,0.014851004907524964
2023-04-03,-0.0037179852127921104
2023-04-04,-0.00017407514229810818
2023-04-05,-0.00993857143168097
2023-04-06,0.025212236550026895
2023-04-10,-0.007607618484259295
2023-04-11,-0.02292953213758285
2023-04-12,0.0023310133747155917
2023-04-13,0.022152373227312235
2023-04-14,-0.012848029587621736
2023-04-17,0.009253150545119658
2023-04-18,-0.0014899741614866546
2023-04-19,0.00027722716063085097
2023-04-20,-0.008145329867868324
2023-04-21,-0.0012239384891040584
2023-04-24,-0.014061077360120437
2023-04-25,-0.02279399942297847
2023-04-26,0.06993151187503938
2023-04-27,0.031525514893063294
2023-04-28,0.007940191070777041
2023-05-01,-0.005548523636991073
2023-05-02,-0.0004908741303823544
2023-05-03,-0.0033123591945075567
2023-05-04,0.0033123591945074258
2023-05-05,0.01701178372796446
2023-05-08,-0.006458917903234147
2023-05-09,-0.0053599954894031675
2023-05-10,0.01714837490281474
2023-05-11,-0.007069240075930117
2023-05-12,-0.003682880776541611
2023-05-15,0.0015846487806138953
2023-05-16,0.007340648816562282
2023-05-17,0.00940695390076226
2023-05-18,0.014292461168058544
2023-05-19,-0.0005653322237698835
2023-05-22,0.008881738152223144
2023-05-23,-0.018604036615285757
2023-05-24,-0.004482553077665246
2023-05-25,0.037736913732388404
2023-05-26,0.021160169985371017
2023-05-30,-0.005059454913848178
2023-05-31,-0.008550730791332615
2023-06-01,0.012678431910161454
2023-06-02,0.008443458774148004
2023-06-05,0.0016086132045140804
2023-06-06,-0.006750114802074047
2023-06-07,-0.031354240522682264
2023-06-08,0.0057967570070776245
2023-06-09,0.004692864856292023
2023-06-12,0.015365262155327453
2023-06-13,0.007325868023010055
2023-06-14,0.009082572005751098
2023-06-15,0.03139835403548302
2023-06-16,-0.016714535586162198
2023-06-20,-0.012581462485600735
2023-06-21,-0.013371074555367178
2023-06-22,0.018269746911052404
2023-06-23,-0.013902129892400472
2023-06-26,-0.01934907265167367
2023-06-27,0.01800515130958676
2023-06-28,0.003818224055711587
2023-06-29,-0.0023847041978425727
2023-06-30,0.016252624497602165
2023-07-03,-0.007516196393186006
2023-07-05,0.00047317097188814226
2023-07-06,0.009184410800047994
2023-07-07,-0.011938331280864163
2023-07-10,-0.016112767116216366
2023-07-11,0.0019266986827090721
2023-07-12,0.014126782732289815
2023-07-13,0.016062410636238526
2023-07-14,0.007501093406393819
2023-07-17,0.0014184287383630615
2023-07-18,0.03902812637123569
2023-07-19,-0.012343180871371469
2023-07-20,-0.023392926132686877
2023-07-21,-0.008977575156996244
2023-07-24,0.0038903923440006816
2023-07-25,0.016866287980714014
2023-07-26,-0.03836414732720791
2023-07-27,-0.02109310552104322
2023-07-28,0.022867795527496383
2023-07-31,-0.007266877752128505
2023-08-01,0.0012495543220317085
2023-08-02,-0.026634524442918535
2023-08-03,-0.002568067793475143
2023-08-04,0.003422595360876744
2023-08-07,0.007083278623911574
2023-08-08,-0.012375278498666856
2023-08-09,-0.011784893246160534
2023-08-10,0.002169877937872544
2023-08-11,-0.00596344485939503
2023-08-14,0.009394849400036844
2023-08-15,-0.00675029373240622
2023-08-16,-0.002431538644270467
2023-08-17,-0.011047067811912661
2023-08-18,-0.001262947616843483
2023-08-21,0.016918832161217486
2023-08-22,0.0018001689069788475
2023-08-23,0.013980968999200582
2023-08-24,-0.02173292337563492
2023-08-25,0.009363125277088798
2023-08-28,0.002226980056474819
2023-08-29,0.014445480710083397
2023-08-30,0.001156423527279024
2023-08-31,-0.0031375248786279504
2023-09-01,0.002742113827862577
2023-09-05,0.014769032006873468
2023-09-06,-0.002010843050395794
2023-09-07,-0.008961977302543568
2023-09-08,0.01312893381762317
2023-09-11,0.010919483967334958
2023-09-12,-0.018426408970264523
2023-09-13,0.012847691121584683
2023-09-14,0.007825208270237066
2023-09-15,-0.025355818508219077
2023-09-18,-0.0035189412026541077
2023-09-19,-0.0012468046128220397
2023-09-20,-0.0242690606750735
2023-09-21,-0.0038730845572995517
2023-09-22,-0.007918000445756763
2023-09-25,0.0016706508501965322
2023-09-26,-0.017151968657644574
2023-09-27,0.002080135817066366
2023-09-28,0.002713961379135115
2023-09-29,0.006704732241931926
2023-10-02,0.01897945619391023
2023-10-03,-0.02648175853746782
2023-10-04,0.017617373390599152
2023-10-05,0.00125323102852397
2023-10-06,0.024435873995303774
2023-10-09,0.007792212932991583
2023-10-10,-0.004345164848687701
2023-10-11,0.012197254622208538
2023-10-12,-0.003797614324661872
2023-10-13,-0.010411392228397588
2023-10-16,0.014870700309142395
2023-10-17,-0.0017451223294899247
2023-10-18,-0.005889840188747004
2023-10-19,0.003658777407574251
2023-10-20,-0.014134182530372956
2023-10-23,0.008079526940902063
2023-10-24,0.0036674441070047767
2023-10-25,0.030216965650211026
2023-10-26,-0.03823618584691158
2023-10-27,0.005838495875158287
2023-10-30,0.02248562125125139
2023-10-31,0.0023689694389686434
2023-11-01,0.02326978885739351
2023-11-02,0.006480404249884413
2023-11-03,0.012779885033542271
2023-11-06,0.010516883151055659
2023-11-07,0.011157035399482684
2023-11-08,0.0073784185491337475
2023-11-09,-0.006934987332677472
2023-11-10,0.024591934783129626
2023-11-13,-0.008121204580680644
2023-11-14,0.009743049143020505
2023-11-15,0.0004057613142816058
2023-11-16,0.017430555403143172
2023-11-17,-0.016943625009684885
2023-11-20,0.0203140108559278
2023-11-21,-0.01164549904662615
2023-11-22,0.012731151401701836
2023-11-24,-0.0011121903615570533
2023-11-27,0.0031215708132862575
2023-11-28,0.010744708947154522
2023-11-29,-0.010111035738468924
2023-11-30,0.00015829438970837688
2023-12-01,-0.011680042768591074
2023-12-04,-0.014442560828120636
2023-12-05,0.009114585699173883
2023-12-06,-0.010036238032219848
2023-12-07,0.005813030293838833
2023-12-08,0.008803108644522984
2023-12-11,-0.007860152109586446
2023-12-12,0.00826097280212358
2023-12-13,-2.675491826158287e-05
2023-12-14,-0.02280255411693934
2023-12-15,0.01303199430210217
2023-12-18,0.005165580249749767
2023-12-19,0.0016356117999901038
2023-12-20,-0.007097933426297034
2023-12-21,0.00784786815883945
2023-12-22,0.0027801456674154037
2023-12-26,0.00021365180654799018
2023-12-27,-0.0015760227206814208
2023-12-28,0.0032294751329870453
2023-12-29,0.0020232094498624426
2024-01-02,-0.013843989538225543
2024-01-03,-0.000728307979538918
2024-01-04,-0.00720333782671397
2024-01-05,-0.0005166111783842502
2024-01-08,0.018695620127175405
2024-01-09,0.0029313981949714678
2024-01-10,0.018403945753779176
2024-01-11,0.00484750669846619
2024-01-12,0.009934063089968104
2024-01-16,0.004622807531905876
2024-01-17,-0.0020519168057172663
2024-01-18,0.011234067569305554
2024-01-19,0.012113118136035267
2024-01-22,-0.0054326984789748595
2024-01-23,0.0060093869103769295
2024-01-24,0.009133460062251277
2024-01-25,0.005721899815894543
2024-01-26,-0.002324492198706608
2024-01-29,0.01423252850706481
2024-01-30,-0.0027618550556331115
2024-01-31,-0.027316199200425627
2024-02-01,0.01547418613536351
2024-02-02,0.018258102152755924
2024-02-05,-0.013637555877791795
2024-02-06,-0.0003944663624514561
2024-02-07,0.02089047650042091
2024-02-08,0.0001448381406450114
2024-02-09,0.015431744818759167
2024-02-12,-0.012658486301582067
2024-02-13,-0.02176383849259124
2024-02-14,0.009618931649984957
2024-02-15,-0.007180881065721253
2024-02-16,-0.006168203170483268
2024-02-20,-0.003147993349989461
2024-02-21,-0.001515570690598858
2024-02-22,0.023273728515413716
2024-02-23,-0.003187465834227492
2024-02-26,-0.006846830780749641
2024-02-27,-0.0001473559342847768
2024-02-28,0.0005888393985434492
2024-02-29,0.01441547066043289
2024-03-01,0.004486527422552033
2024-03-04,-0.0013968109726288135
2024-03-05,-0.030018094291351306
2024-03-06,-0.0013918430014457158
2024-03-07,0.017381576834501894
2024-03-08,-0.007162584427745304
2024-03-11,-0.004193808008558284
2024-03-12,0.02625190460848415
2024-03-13,-0.000433519031886816
2024-03-14,0.024087124748189807
2024-03-15,-0.02091229153476216
2024-03-18,0.0021590086114721286
2024-03-19,0.009752987517888112
2024-03-20,0.00902387995934909
2024-03-21,0.009688862910144688
2024-03-22,-0.0014683923457448954
2024-03-25,-0.013809569149770027
2024-03-26,-0.0028655473582669677
2024-03-27,-0.0005218586910636841
2024-03-28,-0.0016861704378346373
2024-04-01,0.00910940632411535
2024-04-02,-0.007399512455789643
2024-04-03,-0.0023518677715014297
2024-04-04,-0.006131210354419633
2024-04-05,0.01811761157435327
2024-04-08,-0.0021879982636128096
2024-04-09,0.003972439858151481
2024-04-10,-0.0071097082946877535
2024-04-11,0.010972981209685536
2024-04-12,-0.014191285537286486
2024-04-15,-0.019772239650530876
2024-04-16,0.002269821375853383
2024-04-17,-0.006630901070429326
2024-04-18,-0.01855203340532698
2024-04-19,-0.012820977495723895
2024-04-22,0.004599654870812379
2024-04-23,0.016351000002754783
2024-04-24,0.0036490555998892425
2024-04-25,-0.024800051796666178
2024-04-26,0.018079217182874734
2024-04-29,-0.010067095126608026
2024-04-30,-0.03264658242918411
2024-05-01,0.014306505757345784
2024-05-02,0.007316224428341364
2024-05-03,0.021927427166849103
2024-05-06,0.0167768515543301
2024-05-07,-0.010208153270613576
2024-05-08,0.002927167372462024
2024-05-09,0.004326590104038125
2024-05-10,0.005851877218320334
2024-05-13,-0.002462401957152561
2024-05-14,0.006841205842479119
2024-05-15,0.017332802216738278
2024-05-16,-0.00495224289353137
2024-05-17,-0.0018544984946253678
2024-05-20,0.012134333084132191
2024-05-21,0.008661330894796202
2024-05-22,0.003443578488603595
2024-05-23,-0.008209775169933946
2024-05-24,0.007373263893334002
2024-05-28,0.0003719248542762253
2024-05-29,-0.0026759993378328547
2024-05-30,-0.03437016002139018
2024-05-31,0.0011086978525274428
2024-06-03,-0.003885832235912484
2024-06-04,0.006147668461829692
2024-06-05,0.018903483091166302
2024-06-06,0.001202129244779239
2024-06-07,-0.001579444706812036
2024-06-10,0.009439607846172805
2024-06-11,0.011179075732317193
2024-06-12,0.01918254533861781
2024-06-13,0.0011782861440690598
2024-06-14,0.002239394162021378
2024-06-17,0.01302022318001831
2024-06-18,-0.004537819713182098
2024-06-20,-0.0014349273582953369
2024-06-21,0.00911253082096309
2024-06-24,-0.004702233685290154
2024-06-25,0.007300167927889176
2024-06-26,0.0026796289085333157
2024-06-27,0.0015247728116092709
2024-06-28,-0.01311425920081167
2024-07-01,0.021645693672454808
2024-07-02,0.005567602954342119
2024-07-03,0.003238936511089246
2024-07-05,0.014628716416992602
2024-07-08,-0.002827145976033554
2024-07-09,-0.014474562339639875
2024-07-10,0.0144959671449401
2024-07-11,-0.02508402131835854
2024-07-12,-0.0025324722707123003
2024-07-15,0.0009037222831049514
2024-07-16,-0.009828742661447482
2024-07-17,-0.013437528627724665
2024-07-18,-0.00712756325314342
2024-07-19,-0.007430409042467912
2024-07-22,0.013249388040620569
2024-07-23,0.00430291322086996
2024-07-24,-0.03651344674470778
2024-07-25,-0.02478582401716884
2024-07-26,0.01628629899509065
2024-07-29,0.003427280227148748
2024-07-30,-0.008968398163325115
2024-07-31,-0.010864671517286798
2024-08-01,-0.002968501635763829
2024-08-02,-0.02088246918425412
2024-08-05,-0.03320205282728337
2024-08-06,0.011223687347268505
2024-08-07,-0.0029573195203299696
2024-08-08,0.010635271083274021
2024-08-09,0.008235347517253024
2024-08-12,0.0019438572014275578
2024-08-13,0.0175438645712263
2024-08-14,0.006860296022627392
2024-08-15,0.011754425518625938
2024-08-16,-0.006098887884246683
2024-08-19,0.00728575350540959
2024-08-20,0.00772759967075553
2024-08-21,-0.001554827868078951
2024-08-22,-0.02046081599579991
2024-08-23,0.0029795876482242223
2024-08-26,-0.007949121178769373
2024-08-27,0.0008460701152250952
2024-08-28,-0.007859906504533432
2024-08-29,0.00611859996301407
2024-08-30,0.00968387909396822
2024-09-03,-0.018631563298615383
2024-09-04,-0.0013197550461349768
2024-09-05,-0.0012480157385932884
2024-09-06,-0.016517104185342888
2024-09-09,0.009957741702762717
2024-09-10,0.020685678662707832
2024-09-11,0.021117742646184913
2024-09-12,0.009317322976941213
2024-09-13,0.00837230961740739
2024-09-16,0.0017403615859733575
2024-09-17,0.008794030891313394
2024-09-18,-0.010023613330970578
2024-09-19,0.018125873865924687
2024-09-20,-0.007826521606044693
2024-09-23,-0.004051598176590944
2024-09-24,-0.010061724034933993
2024-09-25,0.0068269997393851966
2024-09-26,-0.0018530920840401162
2024-09-27,-0.007657209851330204
2024-09-30,0.005312765119311298
2024-10-01,-0.022586349235599275
2024-10-02,-0.008498309419765206
2024-10-03,-0.001415424122716525
2024-10-04,-0.0011529824808055567
2024-10-07,-0.015794950022761604
2024-10-08,0.01254488850128259
2024-10-09,0.0066092120711317755
2024-10-10,-0.00388819025442005
2024-10-11,0.001153739970914745
2024-10-14,0.006750783402305371
2024-10-15,-0.0009548986025721358
2024-10-16,-0.006276491132347998
2024-10-17,0.0014409052572604748
2024-10-18,0.003449651685333858
2024-10-21,0.001481531170576979
2024-10-22,0.020631957259971332
2024-10-23,-0.006830106413187901
2024-10-24,0.000306116592700427
2024-10-25,0.008019893505258975
2024-10-28,-0.0036502247500938313
2024-10-29,0.012486496975900244
2024-10-30,0.0013418601498343555
2024-10-31,-0.06243684626047286
2024-11-01,0.00984435078863761
2024-11-04,-0.004665238357460723
2024-11-05,0.007317858746370526
2024-11-06,0.020971324178130257
2024-11-07,0.01241722518279314
2024-11-08,-0.006816315810586372
2024-11-11,-0.010778692996945104
2024-11-12,0.01193769831959161
2024-11-13,0.005116569510722348
2024-11-14,0.003966775149798289
2024-11-15,-0.02824789919142256
2024-11-18,0.0018297164248493954
2024-11-19,0.004870715850010408
2024-11-20,-0.005520455838175394
2024-11-21,-0.0043261207191716685
2024-11-22,0.00995350240510956
2024-11-25,0.004283365888123532
2024-11-26,0.0217302202395656
2024-11-27,-0.011751319083480535
2024-11-29,0.0011105353465115377
2024-12-02,0.017602645871279927
2024-12-03,0.0005102941398686327
2024-12-04,0.014321873981680142
2024-12-05,0.011817752590376738
2024-12-06,0.002144046478982704
2024-12-09,0.005508109188230879
2024-12-10,-0.006049365647115747
2024-12-11,0.012686248069970504
2024-12-12,0.0012687320823401569
2024-12-13,-0.005106980309500089
2024-12-16,0.009612306443241262
2024-12-17,0.006335129799588885
2024-12-18,-0.038284588320010075
2024-12-19,-0.0008234020118920072
2024-12-20,-0.0009843114405062225
2024-12-23,-0.0030969320197887207
2024-12-24,0.009330202696999235
2024-12-26,-0.0027807843865978094
2024-12-27,-0.017453078832616598
2024-12-30,-0.01332785581309599
